Brand,Category,Series,Model Name,Model Number,Variant,Image Filename,Local Image Path,Official Product URL,Source Type,Verification Status,Added / Updated / Skipped,Notes
ANSWER,domestic-machines,Beauty Hand Operated,Answer Beauty Hand Operated,Beauty Hand Operated,,ANSWER_Hand-operated-Domestic_Beauty-Hand-Operated.jpg,/images/product images/answer/hand-operated-domestic/ANSWER_Hand-operated-Domestic_Beauty-Hand-Operated.jpg,https://www.answersew.com/product-page/answer-beauty-hand-operated,official product page,official,Added,Reused an identical processed official image. Official source image is 803px on its long side; preserved without artificial detail generation.
ANSWER,domestic-machines,Beauty Queen Heavy Duty Model,Answer Beauty Queen Heavy Duty Model,Beauty Queen Heavy Duty Model,,ANSWER_Heavy-Duty-Domestic_Beauty-Queen-Heavy-Duty-Model.jpg,/images/product images/answer/heavy-duty-domestic/ANSWER_Heavy-Duty-Domestic_Beauty-Queen-Heavy-Duty-Model.jpg,https://www.answersew.com/product-page/answer-beauty-queen-heavy-duty-model,official product page,official,Added,Reused an identical processed official image. Official source image is 833px on its long side; preserved without artificial detail generation.
ANSWER,domestic-machines,Classic Plus Hand Operated,Answer Classic Plus Hand Operated,Classic Plus Hand Operated,,ANSWER_Hand-operated-Domestic_Classic-Plus-Hand-Operated.jpg,/images/product images/answer/hand-operated-domestic/ANSWER_Hand-operated-Domestic_Classic-Plus-Hand-Operated.jpg,https://www.answersew.com/product-page/answer-classic-plus-hand-operated,official product page,official,Added,Reused an identical processed official image. Official source image is 791px on its long side; preserved without artificial detail generation.
ANSWER,domestic-machines,Classic Plus Heavy Duty Model,Answer Classic Plus Heavy Duty Model,Classic Plus Heavy Duty Model,,ANSWER_Heavy-Duty-Domestic_Classic-Plus-Heavy-Duty-Model.jpg,/images/product images/answer/heavy-duty-domestic/ANSWER_Heavy-Duty-Domestic_Classic-Plus-Heavy-Duty-Model.jpg,https://www.answersew.com/product-page/answer-classic-plus-heavy-duty-model,official product page,official,Added,Reused an identical processed official image. Official source image is 861px on its long side; preserved without artificial detail generation.
ANSWER,overlock-interlock,Heavy Duty Overlock Model,Answer Heavy Duty Overlock Model,Heavy Duty Overlock Model,,ANSWER_Overlock_Heavy-Duty-Overlock-Model.jpg,/images/product images/answer/overlock/ANSWER_Overlock_Heavy-Duty-Overlock-Model.jpg,https://www.answersew.com/product-page/answer-heavy-duty-overlock-model,official product page,official,Added,Reused an identical processed official image. Official source image is 827px on its long side; preserved without artificial detail generation.
ANSWER,domestic-machines,Jumbo Plus Heavy Duty Model,Answer Jumbo Plus Heavy Duty Model,Jumbo Plus Heavy Duty Model,,ANSWER_Heavy-Duty-Domestic_Jumbo-Plus-Heavy-Duty-Model.jpg,/images/product images/answer/heavy-duty-domestic/ANSWER_Heavy-Duty-Domestic_Jumbo-Plus-Heavy-Duty-Model.jpg,https://www.answersew.com/product-page/answer-jumbo-plus-heavy-duty-model,official product page,official,Added,Reused an identical processed official image. Official source image is 821px on its long side; preserved without artificial detail generation.
ANSWER,domestic-machines,Link Plus Hand Operated,Answer Link Plus Hand Operated,Link Plus Hand Operated,,ANSWER_Hand-operated-Domestic_Link-Plus-Hand-Operated.jpg,/images/product images/answer/hand-operated-domestic/ANSWER_Hand-operated-Domestic_Link-Plus-Hand-Operated.jpg,https://www.answersew.com/product-page/answer-link-plus-hand-operated,official product page,official,Added,Reused an identical processed official image. Official source image is 882px on its long side; preserved without artificial detail generation.
ANSWER,domestic-machines,Link Plus Heavy Duty Model,Answer Link Plus Heavy Duty Model,Link Plus Heavy Duty Model,,ANSWER_Heavy-Duty-Domestic_Link-Plus-Heavy-Duty-Model.jpg,/images/product images/answer/heavy-duty-domestic/ANSWER_Heavy-Duty-Domestic_Link-Plus-Heavy-Duty-Model.jpg,https://www.answersew.com/product-page/answer-link-plus-heavy-duty-model,official product page,official,Added,Reused an identical processed official image. Official source image is 852px on its long side; preserved without artificial detail generation.
ANSWER,domestic-machines,Multi Plus Head,Answer Multi Plus Head,Multi Plus Head,,ANSWER_Domestic-Sewing-Head_Multi-Plus-Head.jpg,/images/product images/answer/domestic-sewing-head/ANSWER_Domestic-Sewing-Head_Multi-Plus-Head.jpg,https://www.answersew.com/product-page/answer-multi-plus-hand-operated,official product page,official,Added,Reused an identical processed official image. Official source image is 693px on its long side; preserved without artificial detail generation.
ANSWER,domestic-machines,Multi Plus Model,Answer Multi Plus Model,Multi Plus Model,,ANSWER_Domestic_Multi-Plus-Model.jpg,/images/product images/answer/domestic/ANSWER_Domestic_Multi-Plus-Model.jpg,https://www.answersew.com/product-page/answer-multi-plus-model,official product page,official,Added,Reused an identical processed official image. Official source image is 839px on its long side; preserved without artificial detail generation.
ANSWER,overlock-interlock,Over Lock Head,Answer Over Lock Head,Over Lock Head,,ANSWER_Overlock_Over-Lock-Head.jpg,/images/product images/answer/overlock/ANSWER_Overlock_Over-Lock-Head.jpg,https://www.answersew.com/product-page/answer-over-lock-head,official product page,official,Added,Reused an identical processed official image. Official image converted to sRGB JPEG.
ANSWER,domestic-machines,Turbo Plus Head,Answer Turbo Plus Head,Turbo Plus Head,,ANSWER_Domestic-Sewing-Head_Turbo-Plus-Head.jpg,/images/product images/answer/domestic-sewing-head/ANSWER_Domestic-Sewing-Head_Turbo-Plus-Head.jpg,https://www.answersew.com/product-page/answer-turbo-plus-head,official product page,official,Added,Reused an identical processed official image. Official source image is 771px on its long side; preserved without artificial detail generation.
ANSWER,domestic-machines,Turbo Plus Heavy Duty Model,Answer Turbo Plus Heavy Duty Model,Turbo Plus Heavy Duty Model,,ANSWER_Heavy-Duty-Domestic_Turbo-Plus-Heavy-Duty-Model.jpg,/images/product images/answer/heavy-duty-domestic/ANSWER_Heavy-Duty-Domestic_Turbo-Plus-Heavy-Duty-Model.jpg,https://www.answersew.com/product-page/answer-turbo-plus-heavy-duty-model,official product page,official,Added,Reused an identical processed official image. Official source image is 767px on its long side; preserved without artificial detail generation.
ANSWER,garment-machinery,Industrial 1/12 HP Motor,Answer's Industrial 1/12 HP Motor,Industrial 1/12 HP Motor,,ANSWER_Motor_Industrial-1-12-HP-Motor.jpg,/images/product images/answer/motor/ANSWER_Motor_Industrial-1-12-HP-Motor.jpg,https://www.answersew.com/product-page/answer-s-industrial-1-12-hp-motor,official product page,official,Added,Official image converted to sRGB JPEG.
ANSWER,garment-machinery,Mini 1/20 HP Motor,Answer's Mini 1/20 HP Motor,Mini 1/20 HP Motor,,ANSWER_Motor_Mini-1-20-HP-Motor.jpg,/images/product images/answer/motor/ANSWER_Motor_Mini-1-20-HP-Motor.jpg,https://www.answersew.com/product-page/answer-s-mini-1-20-hp-motor,official product page,official,Added,Official image converted to sRGB JPEG.
ANSWER,garment-machinery,Regular 1/12 HP Motor,Answer's Regular 1/12 HP Motor,Regular 1/12 HP Motor,,ANSWER_Motor_Regular-1-12-HP-Motor.jpg,/images/product images/answer/motor/ANSWER_Motor_Regular-1-12-HP-Motor.jpg,https://www.answersew.com/product-page/answer-s-regular-1-12-hp-motor,official product page,official,Added,Official image converted to sRGB JPEG.
Geminy,domestic-machines,Classic,Geminy Classic Sewing Machine,Classic,,Geminy_Domestic_Classic.jpg,/images/product images/geminy/domestic/Geminy_Domestic_Classic.jpg,https://www.geminy.in/geminy-classic-sewing-machine,official product page,official,Added,Official source image is 1000px on its long side; preserved without artificial detail generation.
Geminy,domestic-machines,Deluxe,Geminy Deluxe Sewing Machine,Deluxe,,Geminy_Domestic_Deluxe.jpg,/images/product images/geminy/domestic/Geminy_Domestic_Deluxe.jpg,https://www.geminy.in/geminy-deluxe-sewing-machine,official product page,official,Added,Official source image is 1000px on its long side; preserved without artificial detail generation.
Geminy,domestic-machines,Family Coloured,Geminy Family Coloured Machine,Family Coloured,,Geminy_Domestic_Family-Coloured.jpg,/images/product images/geminy/domestic/Geminy_Domestic_Family-Coloured.jpg,https://www.geminy.in/geminy-family-coloured-machine,official product page,official,Added,Official source image is 1000px on its long side; preserved without artificial detail generation.
Geminy,domestic-machines,Family Composite,Geminy Family Composite Sewing Machine,Family Composite,,Geminy_Domestic_Family-Composite.jpg,/images/product images/geminy/domestic/Geminy_Domestic_Family-Composite.jpg,https://www.geminy.in/geminy-family-composite-sewing-machine,official product page,official,Added,Official source image is 1000px on its long side; preserved without artificial detail generation.
Geminy,domestic-machines,Family,Geminy Family Sewing Machine,Family,,Geminy_Domestic_Family.jpg,/images/product images/geminy/domestic/Geminy_Domestic_Family.jpg,https://www.geminy.in/geminy-family-sewing-machine,official product page,official,Added,Official source image is 1000px on its long side; preserved without artificial detail generation.
Geminy,garment-machinery,GEM 8100 Single Needle Lockstitch Machine with Servo Motor,Geminy GEM 8100 Single Needle Lockstitch Machine with Servo Motor,GEM 8100 Single Needle Lockstitch Machine with Servo Motor,,Geminy_Motor_GEM-8100-Single-Needle-Lockstitch-Machine-with-Servo-Motor.jpg,/images/product images/geminy/motor/Geminy_Motor_GEM-8100-Single-Needle-Lockstitch-Machine-with-Servo-Motor.jpg,https://www.geminy.in/gem-8100-single-needle-lockstitch-machine,official product page,official,Added,Official source image is 1000px on its long side; preserved without artificial detail generation.
Geminy,industrial-machines,G-1 Single Needle Direct Drive Lockstitch,Geminy GEMINY G-1 Single Needle Direct Drive Lockstitch Machine,G-1 Single Needle Direct Drive Lockstitch,,Geminy_Lockstitch_G-1-Single-Needle-Direct-Drive-Lockstitch.jpg,/images/product images/geminy/lockstitch/Geminy_Lockstitch_G-1-Single-Needle-Direct-Drive-Lockstitch.jpg,https://www.geminy.in/geminy-g-1-single-needle-direct-drive-lockstitch-machine,official product page,official,Added,Official source image is 1000px on its long side; preserved without artificial detail generation.
Geminy,domestic-machines,Link Deluxe,Geminy Link Deluxe Machine,Link Deluxe,,Geminy_Domestic_Link-Deluxe.jpg,/images/product images/geminy/domestic/Geminy_Domestic_Link-Deluxe.jpg,https://www.geminy.in/geminy-link-deluxe-machine,official product page,official,Added,Official source image is 1000px on its long side; preserved without artificial detail generation.
Geminy,overlock-interlock,Overlock,Geminy Overlock Machine,Overlock,,Geminy_Overlock_Overlock.jpg,/images/product images/geminy/overlock/Geminy_Overlock_Overlock.jpg,https://www.geminy.in/geminy-overlock-machine,official product page,official,Added,Official source image is 1000px on its long side; preserved without artificial detail generation.
Geminy,garment-machinery,Portable Bag Closer,Geminy Portable Bag Closer Machine,Portable Bag Closer,,Geminy_Lockstitch_Portable-Bag-Closer.jpg,/images/product images/geminy/lockstitch/Geminy_Lockstitch_Portable-Bag-Closer.jpg,https://www.geminy.in/geminy-portable-bag-closer-machine,official product page,official,Added,Official source image is 1000px on its long side; preserved without artificial detail generation.
Geminy,domestic-machines,Premier Tailor,Geminy Premier Tailor Sewing Machine,Premier Tailor,,Geminy_Domestic_Premier-Tailor.jpg,/images/product images/geminy/domestic/Geminy_Domestic_Premier-Tailor.jpg,https://www.geminy.in/premier-tailor-sewing-machine,official product page,official,Added,Official source image is 1000px on its long side; preserved without artificial detail generation.
Geminy,domestic-machines,Super,Geminy Super Sewing Machine,Super,,Geminy_Domestic_Super.jpg,/images/product images/geminy/domestic/Geminy_Domestic_Super.jpg,https://www.geminy.in/geminy-super-sewing-machine,official product page,official,Added,Official source image is 1000px on its long side; preserved without artificial detail generation.
Geminy,domestic-machines,Tailor,Geminy Tailor Sewing Machine,Tailor,,Geminy_Domestic_Tailor.jpg,/images/product images/geminy/domestic/Geminy_Domestic_Tailor.jpg,https://www.geminy.in/geminy-tailor-sewing-machine,official product page,official,Added,Official source image is 1000px on its long side; preserved without artificial detail generation.
Geminy,domestic-machines,Three Star Super,Geminy Three Star Super Sewing Machine,Three Star Super,,Geminy_Domestic_Three-Star-Super.jpg,/images/product images/geminy/domestic/Geminy_Domestic_Three-Star-Super.jpg,https://www.geminy.in/three-star-super-sewing-machine,official product page,official,Added,Official source image is 1000px on its long side; preserved without artificial detail generation.
Geminy,domestic-machines,Three Star Tailor,Geminy Three Star Tailor Sewing Machine,Three Star Tailor,,Geminy_Domestic_Three-Star-Tailor.jpg,/images/product images/geminy/domestic/Geminy_Domestic_Three-Star-Tailor.jpg,https://www.geminy.in/three-star-tailor-sewing-machine,official product page,official,Added,Official source image is 1000px on its long side; preserved without artificial detail generation.
Geminy,industrial-machines,Umbrella 95T-10,Geminy Umbrella 95T-10,Umbrella 95T-10,,Geminy_Lockstitch_Umbrella-95T-10.jpg,/images/product images/geminy/lockstitch/Geminy_Lockstitch_Umbrella-95T-10.jpg,https://www.geminy.in/geminy-umbrella-95t-10,official product page,official,Added,Official source image is 1000px on its long side; preserved without artificial detail generation.
Geminy,industrial-machines,Umbrella TA-I/103K,Geminy Umbrella TA-I/103K,Umbrella TA-I/103K,,Geminy_Lockstitch_Umbrella-TA-I-103K.jpg,/images/product images/geminy/lockstitch/Geminy_Lockstitch_Umbrella-TA-I-103K.jpg,https://www.geminy.in/geminy-umbrella-ta-i103k,official product page,official,Added,Official source image is 1000px on its long side; preserved without artificial detail generation.
Geminy,industrial-machines,Umbrella TA-ll,Geminy Umbrella TA-ll,Umbrella TA-ll,,Geminy_Lockstitch_Umbrella-TA-ll.jpg,/images/product images/geminy/lockstitch/Geminy_Lockstitch_Umbrella-TA-ll.jpg,https://www.geminy.in/geminy-umbrella-ta-ll,official product page,official,Added,Official source image is 1000px on its long side; preserved without artificial detail generation.
Geminy,industrial-machines,Zig-Zag All Geared 130-k,Geminy Zig-Zag All Geared 130-k,Zig-Zag All Geared 130-k,,Geminy_Lockstitch_Zig-Zag-All-Geared-130-k.jpg,/images/product images/geminy/lockstitch/Geminy_Lockstitch_Zig-Zag-All-Geared-130-k.jpg,https://www.geminy.in/geminy-zig-zag-all-geared-130-k,official product page,official,Added,Official source image is 1000px on its long side; preserved without artificial detail generation.
JACK,garment-machinery,1310,JACK 1310,1310,,JACK_Lockstitch_1310.jpg,/images/product images/jack/lockstitch/JACK_Lockstitch_1310.jpg,https://www.jack-sewing.com/template/jack-1310/index.html,official product page,official,Added,Official source image is 600px on its long side; preserved without artificial detail generation.
JACK,garment-machinery,1377,JACK 1377,1377,,JACK_Lockstitch_1377.jpg,/images/product images/jack/lockstitch/JACK_Lockstitch_1377.jpg,https://www.jack-sewing.com/special/jack-1377/index.html,official product page,official,Added,Official image converted to sRGB JPEG.
JACK,garment-machinery,1500,JACK 1500,1500,,JACK_Lockstitch_1500.jpg,/images/product images/jack/lockstitch/JACK_Lockstitch_1500.jpg,https://www.jack-sewing.com/special/jack-1500/index.html,official product page,official,Added,Official image converted to sRGB JPEG.
JACK,garment-machinery,1512,JACK 1512,1512,,JACK_Lockstitch_1512.jpg,/images/product images/jack/lockstitch/JACK_Lockstitch_1512.jpg,https://www.jack-sewing.com/automatic/jack-1512/index.html,official product page,official,Added,Official source image is 800px on its long side; preserved without artificial detail generation.
JACK,garment-machinery,1530,JACK 1530,1530,,JACK_Lockstitch_1530.jpg,/images/product images/jack/lockstitch/JACK_Lockstitch_1530.jpg,https://www.jack-sewing.com/zigzag/jack-1530/index.html,official product page,official,Added,Official image converted to sRGB JPEG.
JACK,garment-machinery,1790,JACK 1790,1790,,JACK_Lockstitch_1790.jpg,/images/product images/jack/lockstitch/JACK_Lockstitch_1790.jpg,https://www.jack-sewing.com/special/jack-1790/index.html,official product page,official,Added,Official source image is 600px on its long side; preserved without artificial detail generation.
JACK,garment-machinery,1900,JACK 1900,1900,,JACK_Lockstitch_1900.jpg,/images/product images/jack/lockstitch/JACK_Lockstitch_1900.jpg,https://www.jack-sewing.com/special/jack-1900/index.html,official product page,official,Added,Official source image is 541px on its long side; preserved without artificial detail generation.
JACK,garment-machinery,1906GPA,JACK 1906GPA,1906GPA,,JACK_Lockstitch_1906GPA.jpg,/images/product images/jack/lockstitch/JACK_Lockstitch_1906GPA.jpg,https://www.jack-sewing.com/automatic/jack-1906GPA/index.html,official product page,official,Added,Official image converted to sRGB JPEG.
JACK,industrial-machines,2002,JACK 2002,2002,,JACK_Lockstitch_2002.jpg,/images/product images/jack/lockstitch/JACK_Lockstitch_2002.jpg,https://www.jack-sewing.com/lockstitch/jack-2002/index.html,official product page,official,Added,Official image converted to sRGB JPEG.
JACK,industrial-machines,2030,JACK 2030,2030,,JACK_Lockstitch_2030.jpg,/images/product images/jack/lockstitch/JACK_Lockstitch_2030.jpg,https://www.jack-sewing.com/heavy-duty/jack-2030/index.html,official product page,official,Added,Official source image is 600px on its long side; preserved without artificial detail generation.
JACK,garment-machinery,2035,JACK 2035,2035,,JACK_Lockstitch_2035.jpg,/images/product images/jack/lockstitch/JACK_Lockstitch_2035.jpg,https://www.jack-sewing.com/ironing/jack-2035/index.html,official product page,official,Added,Official source image is 788px on its long side; preserved without artificial detail generation.
JACK,industrial-machines,2060,JACK 2060,2060,,JACK_Lockstitch_2060.jpg,/images/product images/jack/lockstitch/JACK_Lockstitch_2060.jpg,https://www.jack-sewing.com/heavy-duty/jack-2060/index.html,official product page,official,Added,Official image converted to sRGB JPEG.
JACK,garment-machinery,20U,JACK 20U,20U,,JACK_Lockstitch_20U.jpg,/images/product images/jack/lockstitch/JACK_Lockstitch_20U.jpg,https://www.jack-sewing.com/zigzag/jack-20U/index.html,official product page,official,Added,Official source image is 800px on its long side; preserved without artificial detail generation.
JACK,garment-machinery,2210,JACK 2210,2210,,JACK_Lockstitch_1310.jpg,/images/product images/jack/lockstitch/JACK_Lockstitch_1310.jpg,https://www.jack-sewing.com/template/jack-2210/index.html,official product page,official,Added,Reused an identical processed official image.
JACK,garment-machinery,2210PENCE,JACK 2210PENCE,2210PENCE,,JACK_Lockstitch_2210PENCE.jpg,/images/product images/jack/lockstitch/JACK_Lockstitch_2210PENCE.jpg,https://www.jack-sewing.com/automatic/jack-2210PENCE/index.html,official product page,official,Added,Official image converted to sRGB JPEG.
JACK,garment-machinery,2280,JACK 2280,2280,,JACK_Lockstitch_2280.jpg,/images/product images/jack/lockstitch/JACK_Lockstitch_2280.jpg,https://www.jack-sewing.com/zigzag/jack-2280/index.html,official product page,official,Added,Official image converted to sRGB JPEG.
JACK,garment-machinery,2284,JACK 2284,2284,,JACK_Lockstitch_2284.jpg,/images/product images/jack/lockstitch/JACK_Lockstitch_2284.jpg,https://www.jack-sewing.com/zigzag/jack-2284/index.html,official product page,official,Added,Official source image is 600px on its long side; preserved without artificial detail generation.
JACK,garment-machinery,2290,JACK 2290,2290,,JACK_Lockstitch_2290.jpg,/images/product images/jack/lockstitch/JACK_Lockstitch_2290.jpg,https://www.jack-sewing.com/zigzag/jack-2290/index.html,official product page,official,Added,Official source image is 600px on its long side; preserved without artificial detail generation.
JACK,garment-machinery,2808,JACK 2808,2808,,JACK_Lockstitch_2808.jpg,/images/product images/jack/lockstitch/JACK_Lockstitch_2808.jpg,https://www.jack-sewing.com/special/jack-2808/index.html,official product page,official,Added,Official source image is 1000px on its long side; preserved without artificial detail generation.
JACK,garment-machinery,3020,JACK 3020,3020,,JACK_Lockstitch_3020.jpg,/images/product images/jack/lockstitch/JACK_Lockstitch_3020.jpg,https://www.jack-sewing.com/template/jack-3020/index.html,official product page,official,Added,Official source image is 600px on its long side; preserved without artificial detail generation.
JACK,garment-machinery,3520MA,JACK 3520MA,3520MA,,JACK_Lockstitch_3520MA.jpg,/images/product images/jack/lockstitch/JACK_Lockstitch_3520MA.jpg,https://www.jack-sewing.com/automatic/jack-3520MA/index.html,official product page,official,Added,Official image converted to sRGB JPEG.
JACK,garment-machinery,513A,JACK 513A,513A,,JACK_Lockstitch_513A.jpg,/images/product images/jack/lockstitch/JACK_Lockstitch_513A.jpg,https://www.jack-sewing.com/motors/jack-513A/index.html,official product page,official,Added,Official image converted to sRGB JPEG.
JACK,industrial-machines,5558G,JACK 5558G,5558G,,JACK_Lockstitch_5558G.jpg,/images/product images/jack/lockstitch/JACK_Lockstitch_5558G.jpg,https://www.jack-sewing.com/lockstitch/jack-5558G/index.html,official product page,official,Added,Official source image is 800px on its long side; preserved without artificial detail generation.
JACK,industrial-machines,5559F,JACK 5559F,5559F,,JACK_Lockstitch_5559F.jpg,/images/product images/jack/lockstitch/JACK_Lockstitch_5559F.jpg,https://www.jack-sewing.com/lockstitch/jack-5559F/index.html,official product page,official,Added,Official image converted to sRGB JPEG.
JACK,garment-machinery,563A,JACK 563A,563A,,JACK_Lockstitch_513A.jpg,/images/product images/jack/lockstitch/JACK_Lockstitch_513A.jpg,https://www.jack-sewing.com/motors/jack-563A/index.html,official product page,official,Added,Reused an identical processed official image.
JACK,industrial-machines,58450,JACK 58450,58450,,JACK_Lockstitch_58450.jpg,/images/product images/jack/lockstitch/JACK_Lockstitch_58450.jpg,https://www.jack-sewing.com/lockstitch/jack-58450/index.html,official product page,official,Added,Official source image is 707px on its long side; preserved without artificial detail generation.
JACK,garment-machinery,5878-58,JACK 5878-58,5878-58,,JACK_Lockstitch_5878-58.jpg,/images/product images/jack/lockstitch/JACK_Lockstitch_5878-58.jpg,https://www.jack-sewing.com/special/jack-5878-58/index.html,official product page,official,Added,Official source image is 600px on its long side; preserved without artificial detail generation.
JACK,garment-machinery,5878-68,JACK 5878-68,5878-68,,JACK_Lockstitch_5878-68.jpg,/images/product images/jack/lockstitch/JACK_Lockstitch_5878-68.jpg,https://www.jack-sewing.com/special/jack-5878-68/index.html,official product page,official,Added,Official source image is 600px on its long side; preserved without artificial detail generation.
JACK,garment-machinery,6040,JACK 6040,6040,,JACK_Lockstitch_6040.jpg,/images/product images/jack/lockstitch/JACK_Lockstitch_6040.jpg,https://www.jack-sewing.com/template/jack-6040/index.html,official product page,official,Added,Official source image is 600px on its long side; preserved without artificial detail generation.
JACK,garment-machinery,781,JACK 781,781,,JACK_Lockstitch_781.jpg,/images/product images/jack/lockstitch/JACK_Lockstitch_781.jpg,https://www.jack-sewing.com/special/jack-781/index.html,official product page,official,Added,Official source image is 800px on its long side; preserved without artificial detail generation.
JACK,overlock-interlock,797,JACK 797,797,,JACK_Overlock_797.jpg,/images/product images/jack/overlock/JACK_Overlock_797.jpg,https://www.jack-sewing.com/overlock/jack-797/index.html,official product page,official,Added,Official source image is 600px on its long side; preserved without artificial detail generation.
JACK,garment-machinery,797F20,JACK 797F20,797F20,,JACK_Lockstitch_797F20.jpg,/images/product images/jack/lockstitch/JACK_Lockstitch_797F20.jpg,https://www.jack-sewing.com/automatic/jack-797F20/index.html,official product page,official,Added,Official image converted to sRGB JPEG.
JACK,garment-machinery,797FR09E,JACK 797FR09E,797FR09E,,JACK_Lockstitch_797FR09E.jpg,/images/product images/jack/lockstitch/JACK_Lockstitch_797FR09E.jpg,https://www.jack-sewing.com/automatic/jack-797FR09E/index.html,official product page,official,Added,Official image converted to sRGB JPEG.
JACK,overlock-interlock,8009,JACK 8009,8009,,JACK_Overlock_8009.jpg,/images/product images/jack/overlock/JACK_Overlock_8009.jpg,https://www.jack-sewing.com/interlock/jack-8009/index.html,official product page,official,Added,Official source image is 600px on its long side; preserved without artificial detail generation.
JACK,industrial-machines,8558,JACK 8558,8558,,JACK_Lockstitch_8558.jpg,/images/product images/jack/lockstitch/JACK_Lockstitch_8558.jpg,https://www.jack-sewing.com/lockstitch/jack-8558/index.html,official product page,official,Added,Official source image is 600px on its long side; preserved without artificial detail generation.
JACK,overlock-interlock,8670,JACK 8670,8670,,JACK_Overlock_8670.jpg,/images/product images/jack/overlock/JACK_Overlock_8670.jpg,https://www.jack-sewing.com/interlock/jack-8670/index.html,official product page,official,Added,Official image converted to sRGB JPEG.
JACK,garment-machinery,8740,JACK 8740,8740,,JACK_Lockstitch_8740.jpg,/images/product images/jack/lockstitch/JACK_Lockstitch_8740.jpg,https://www.jack-sewing.com/special/jack-8740/index.html,official product page,official,Added,Official source image is 800px on its long side; preserved without artificial detail generation.
JACK,overlock-interlock,8787,JACK 8787,8787,,JACK_Overlock_8787.jpg,/images/product images/jack/overlock/JACK_Overlock_8787.jpg,https://www.jack-sewing.com/interlock/jack-8787/index.html,official product page,official,Added,Official source image is 600px on its long side; preserved without artificial detail generation.
JACK,garment-machinery,9270,JACK 9270,9270,,JACK_Lockstitch_9270.jpg,/images/product images/jack/lockstitch/JACK_Lockstitch_9270.jpg,https://www.jack-sewing.com/special/jack-9270/index.html,official product page,official,Added,Official source image is 600px on its long side; preserved without artificial detail generation.
JACK,garment-machinery,9820,JACK 9820,9820,,JACK_Lockstitch_9820.jpg,/images/product images/jack/lockstitch/JACK_Lockstitch_9820.jpg,https://www.jack-sewing.com/special/jack-9820/index.html,official product page,official,Added,Official source image is 800px on its long side; preserved without artificial detail generation.
JACK,industrial-machines,A10,JACK A10,A10,,JACK_Lockstitch_A10.jpg,/images/product images/jack/lockstitch/JACK_Lockstitch_A10.jpg,https://www.jack-sewing.com/lockstitch/jack-A10/index.html,official product page,official,Added,Official image converted to sRGB JPEG.
JACK,industrial-machines,A2,JACK A2,A2,,JACK_Lockstitch_A2.jpg,/images/product images/jack/lockstitch/JACK_Lockstitch_A2.jpg,https://www.jack-sewing.com/lockstitch/jack-A2/index.html,official product page,official,Added,Official image converted to sRGB JPEG.
JACK,industrial-machines,A2C,JACK A2C,A2C,,,,https://www.jack-sewing.com/lockstitch/jack-A2C/index.html,official product page,official,Added,Source page could not be fetched during import: https://www.jack-sewing.com/lockstitch/jack-A2C/index.html: 404 Not Found
JACK,industrial-machines,A4,JACK A4,A4,,JACK_Lockstitch_A4.jpg,/images/product images/jack/lockstitch/JACK_Lockstitch_A4.jpg,https://www.jack-sewing.com/lockstitch/jack-A4/index.html,official product page,official,Added,Official image converted to sRGB JPEG.
JACK,industrial-machines,A4C,JACK A4C,A4C,,,,https://www.jack-sewing.com/lockstitch/jack-A4C/index.html,official product page,official,Added,Source page could not be fetched during import: https://www.jack-sewing.com/lockstitch/jack-A4C/index.html: 404 Not Found
JACK,industrial-machines,A5E,JACK A5E,A5E,,JACK_Lockstitch_A5E.jpg,/images/product images/jack/lockstitch/JACK_Lockstitch_A5E.jpg,https://www.jack-sewing.com/lockstitch/jack-A5E/index.html,official product page,official,Added,Official image converted to sRGB JPEG.
JACK,industrial-machines,A6FE,JACK A6FE,A6FE,,JACK_Lockstitch_A6FE.jpg,/images/product images/jack/lockstitch/JACK_Lockstitch_A6FE.jpg,https://www.jack-sewing.com/lockstitch/jack-A6FE/index.html,official product page,official,Added,Official image converted to sRGB JPEG.
JACK,garment-machinery,A6FEPKF,JACK A6FEPKF,A6FEPKF,,JACK_Lockstitch_A6FEPKF.jpg,/images/product images/jack/lockstitch/JACK_Lockstitch_A6FEPKF.jpg,https://www.jack-sewing.com/automatic/jack-A6FEPKF/index.html,official product page,official,Added,Official image converted to sRGB JPEG.
JACK,garment-machinery,AT510,JACK AT510,AT510,,JACK_Lockstitch_AT510.jpg,/images/product images/jack/lockstitch/JACK_Lockstitch_AT510.jpg,https://www.jack-sewing.com/automatic/jack-AT510/index.html,official product page,official,Added,Official image converted to sRGB JPEG.
JACK,overlock-interlock,C10,JACK C10,C10,,JACK_Overlock_C10.jpg,/images/product images/jack/overlock/JACK_Overlock_C10.jpg,https://www.jack-sewing.com/overlock/jack-C10/index.html,official product page,official,Added,Official image converted to sRGB JPEG.
JACK,overlock-interlock,C2,JACK C2,C2,,JACK_Overlock_C2.jpg,/images/product images/jack/overlock/JACK_Overlock_C2.jpg,https://www.jack-sewing.com/overlock/jack-C2/index.html,official product page,official,Added,Official image converted to sRGB JPEG.
JACK,overlock-interlock,C5T,JACK C5T,C5T,,JACK_Overlock_C5T.jpg,/images/product images/jack/overlock/JACK_Overlock_C5T.jpg,https://www.jack-sewing.com/overlock/jack-C5T/index.html,official product page,official,Added,Official source image is 800px on its long side; preserved without artificial detail generation.
JACK,overlock-interlock,C60,JACK C60,C60,,JACK_Overlock_C60.jpg,/images/product images/jack/overlock/JACK_Overlock_C60.jpg,https://www.jack-sewing.com/overlock/jack-C60/index.html,official product page,official,Added,Official image converted to sRGB JPEG.
JACK,overlock-interlock,C7,JACK C7,C7,,JACK_Overlock_C7.jpg,/images/product images/jack/overlock/JACK_Overlock_C7.jpg,https://www.jack-sewing.com/overlock/jack-C7/index.html,official product page,official,Added,Official image converted to sRGB JPEG.
JACK,overlock-interlock,E4S,JACK E4S,E4S,,JACK_Overlock_E4S.jpg,/images/product images/jack/overlock/JACK_Overlock_E4S.jpg,https://www.jack-sewing.com/overlock/jack-E4S/index.html,official product page,official,Added,Official source image is 600px on its long side; preserved without artificial detail generation.
JACK,garment-machinery,F2,JACK F2,F2,,JACK_Lockstitch_F2.jpg,/images/product images/jack/lockstitch/JACK_Lockstitch_F2.jpg,https://www.jack-sewing.com/ironing/jack-F2/index.html,official product page,official,Added,Official source image is 672px on its long side; preserved without artificial detail generation.
JACK,industrial-machines,F6,JACK F6,F6,,JACK_Lockstitch_F6.jpg,/images/product images/jack/lockstitch/JACK_Lockstitch_F6.jpg,https://www.jack-sewing.com/lockstitch/jack-F6/index.html,official product page,official,Added,Official image converted to sRGB JPEG.
JACK,industrial-machines,H2,JACK H2,H2,,JACK_Lockstitch_H2.jpg,/images/product images/jack/lockstitch/JACK_Lockstitch_H2.jpg,https://www.jack-sewing.com/heavy-duty/jack-H2/index.html,official product page,official,Added,Official image converted to sRGB JPEG.
JACK,industrial-machines,H5K,JACK H5K,H5K,,JACK_Lockstitch_H5K.jpg,/images/product images/jack/lockstitch/JACK_Lockstitch_H5K.jpg,https://www.jack-sewing.com/heavy-duty/jack-H5K/index.html,official product page,official,Added,Official image converted to sRGB JPEG.
JACK,industrial-machines,H6,JACK H6,H6,,JACK_Lockstitch_H6.jpg,/images/product images/jack/lockstitch/JACK_Lockstitch_H6.jpg,https://www.jack-sewing.com/heavy-duty/jack-H6/index.html,official product page,official,Added,Official image converted to sRGB JPEG.
JACK,industrial-machines,H7,JACK H7,H7,,JACK_Lockstitch_H7.jpg,/images/product images/jack/lockstitch/JACK_Lockstitch_H7.jpg,https://www.jack-sewing.com/heavy-duty/jack-H7/index.html,official product page,official,Added,Official image converted to sRGB JPEG.
JACK,garment-machinery,J5,JACK J5,J5,,,,https://www.jack-sewing.com/automatic/jack-J5/index.html,official product page,official,Added,Image could not be downloaded from the source: terminated
JACK,overlock-interlock,K10,JACK K10,K10,,JACK_Overlock_K10.jpg,/images/product images/jack/overlock/JACK_Overlock_K10.jpg,https://www.jack-sewing.com/interlock/jack-K10/index.html,official product page,official,Added,Official source image is 1428px on its long side; preserved without artificial detail generation.
JACK,overlock-interlock,K7,JACK K7,K7,,JACK_Overlock_K7.jpg,/images/product images/jack/overlock/JACK_Overlock_K7.jpg,https://www.jack-sewing.com/interlock/jack-K7/index.html,official product page,official,Added,Official image converted to sRGB JPEG.
JACK,garment-machinery,L5,JACK L5,L5,,JACK_Lockstitch_L5.jpg,/images/product images/jack/lockstitch/JACK_Lockstitch_L5.jpg,https://www.jack-sewing.com/ironing/jack-L5/index.html,official product page,official,Added,Official image converted to sRGB JPEG.
JACK,garment-machinery,L5-12U,JACK L5-12U,L5-12U,,JACK_Lockstitch_L5-12U.jpg,/images/product images/jack/lockstitch/JACK_Lockstitch_L5-12U.jpg,https://www.jack-sewing.com/ironing/jack-L5-12U/index.html,official product page,official,Added,Official source image is 800px on its long side; preserved without artificial detail generation.
JACK,garment-machinery,M5,JACK M5,M5,,JACK_Lockstitch_M5.jpg,/images/product images/jack/lockstitch/JACK_Lockstitch_M5.jpg,https://www.jack-sewing.com/template/jack-M5/index.html,official product page,official,Added,Official image converted to sRGB JPEG.
JACK,garment-machinery,M7,JACK M7,M7,,JACK_Lockstitch_M7.jpg,/images/product images/jack/lockstitch/JACK_Lockstitch_M7.jpg,https://www.jack-sewing.com/template/jack-M7/index.html,official product page,official,Added,Official image converted to sRGB JPEG.
JACK,garment-machinery,M9,JACK M9,M9,,JACK_Lockstitch_M9.jpg,/images/product images/jack/lockstitch/JACK_Lockstitch_M9.jpg,https://www.jack-sewing.com/template/jack-M9/index.html,official product page,official,Added,Official image converted to sRGB JPEG.
JACK,garment-machinery,MG60,JACK MG60,MG60,,JACK_Lockstitch_MG60.jpg,/images/product images/jack/lockstitch/JACK_Lockstitch_MG60.jpg,https://www.jack-sewing.com/template/jack-MG60/index.html,official product page,official,Added,Official source image is 600px on its long side; preserved without artificial detail generation.
JACK,garment-machinery,MG80,JACK MG80,MG80,,JACK_Lockstitch_MG80.jpg,/images/product images/jack/lockstitch/JACK_Lockstitch_MG80.jpg,https://www.jack-sewing.com/template/jack-MG80/index.html,official product page,official,Added,Official source image is 800px on its long side; preserved without artificial detail generation.
JACK,industrial-machines,S5,JACK S5,S5,,JACK_Lockstitch_S5.jpg,/images/product images/jack/lockstitch/JACK_Lockstitch_S5.jpg,https://www.jack-sewing.com/postbed/jack-S5/index.html,official product page,official,Added,Official source image is 1446px on its long side; preserved without artificial detail generation.
JACK,industrial-machines,S7,JACK S7,S7,,JACK_Lockstitch_S7.jpg,/images/product images/jack/lockstitch/JACK_Lockstitch_S7.jpg,https://www.jack-sewing.com/postbed/jack-S7/index.html,official product page,official,Added,Official source image is 600px on its long side; preserved without artificial detail generation.
JACK,garment-machinery,T7602,JACK T7602,T7602,,JACK_Lockstitch_T7602.jpg,/images/product images/jack/lockstitch/JACK_Lockstitch_T7602.jpg,https://www.jack-sewing.com/ironing/jack-T7602/index.html,official product page,official,Added,Official source image is 800px on its long side; preserved without artificial detail generation.
JACK,garment-machinery,U5,JACK U5,U5,,JACK_Lockstitch_U5.jpg,/images/product images/jack/lockstitch/JACK_Lockstitch_U5.jpg,https://www.jack-sewing.com/ironing/jack-U5/index.html,official product page,official,Added,Official image converted to sRGB JPEG.
JACK,overlock-interlock,W4-D,JACK W4-D,W4-D,,JACK_Overlock_W4-D.jpg,/images/product images/jack/overlock/JACK_Overlock_W4-D.jpg,https://www.jack-sewing.com/interlock/jack-W4-D/index.html,official product page,official,Added,Official source image is 600px on its long side; preserved without artificial detail generation.
JACK,garment-machinery,W4SUTF,JACK W4SUTF,W4SUTF,,JACK_Lockstitch_W4SUTF.jpg,/images/product images/jack/lockstitch/JACK_Lockstitch_W4SUTF.jpg,https://www.jack-sewing.com/automatic/jack-W4SUTF/index.html,official product page,official,Added,Official image converted to sRGB JPEG.
JACK,overlock-interlock,W5E,JACK W5E,W5E,,JACK_Overlock_W5E.jpg,/images/product images/jack/overlock/JACK_Overlock_W5E.jpg,https://www.jack-sewing.com/interlock/jack-W5E/index.html,official product page,official,Added,Official image converted to sRGB JPEG.
JACK,industrial-machines,Z7,JACK Z7,Z7,,JACK_Lockstitch_Z7.jpg,/images/product images/jack/lockstitch/JACK_Lockstitch_Z7.jpg,https://www.jack-sewing.com/heavy-duty/jack-Z7/index.html,official product page,official,Added,Official image converted to sRGB JPEG.
MODI,domestic-machines,Link Model,MODI Link Model,Link Model,,,,https://www.navbharatmachine.com/product-page/modi-link-model,dealer product page,dealer-verified,Added,One reliable dealer source; needs manufacturer confirmation.
MODI,overlock-interlock,Overlock,MODI Overlock Sewing Machine,Overlock,,,,https://www.navbharatmachine.com/household-and-semi-industrial-machine?lang=hi,dealer category page,unverified,Added,Needs manual manufacturer verification; no clean model-specific source image was used.
MODI,garment-machinery,Zigzag Gear,MODI Zigzag Gear Sewing Machine,Zigzag Gear,,,,https://www.navbharatmachine.com/household-and-semi-industrial-machine?lang=hi,dealer category page,unverified,Added,Needs manual manufacturer verification; no clean model-specific source image was used.
QMach,domestic-machines,Classic Plus Foot Operated,QMach Classic Plus Foot Operated,Classic Plus Foot Operated,,QMach_Domestic_Classic-Plus-Foot-Operated.jpg,/images/product images/qmach/domestic/QMach_Domestic_Classic-Plus-Foot-Operated.jpg,https://www.qmach.net/product-page/qmach-turbo-plus-foot-operated-1,official product page,official,Added,Official source image is 500px on its long side; preserved without artificial detail generation.
QMach,domestic-machines,Classic Plus Head,QMach Classic Plus Head,Classic Plus Head,,QMach_Domestic_Classic-Plus-Head.jpg,/images/product images/qmach/domestic/QMach_Domestic_Classic-Plus-Head.jpg,https://www.qmach.net/product-page/qmach-classic-plus-model,official product page,official,Added,Official source image is 500px on its long side; preserved without artificial detail generation.
QMach,domestic-machines,Link Plus Foot Operated,QMach Link Plus Foot Operated,Link Plus Foot Operated,,QMach_Domestic_Link-Plus-Foot-Operated.jpg,/images/product images/qmach/domestic/QMach_Domestic_Link-Plus-Foot-Operated.jpg,https://www.qmach.net/product-page/qmach-link-plus-foot-operated,official product page,official,Added,Official source image is 500px on its long side; preserved without artificial detail generation.
QMach,industrial-machines,Multi Plus Complete,QMach Multi Plus Complete,Multi Plus Complete,,QMach_Lockstitch_Multi-Plus-Complete.jpg,/images/product images/qmach/lockstitch/QMach_Lockstitch_Multi-Plus-Complete.jpg,https://www.qmach.net/product-page/qmach-multi-plus-complete,official product page,official,Added,Official source image is 500px on its long side; preserved without artificial detail generation.
QMach,industrial-machines,Multi Plus Head,QMach Multi Plus Head,Multi Plus Head,,QMach_Lockstitch_Multi-Plus-Head.jpg,/images/product images/qmach/lockstitch/QMach_Lockstitch_Multi-Plus-Head.jpg,https://www.qmach.net/product-page/qmach-multi-plus-model,official product page,official,Added,Official source image is 500px on its long side; preserved without artificial detail generation.
QMach,overlock-interlock,Overlock Complete,QMach Overlock Complete,Overlock Complete,,QMach_Overlock_Overlock-Complete.jpg,/images/product images/qmach/overlock/QMach_Overlock_Overlock-Complete.jpg,https://www.qmach.net/product-page/qmach-overlock-complete,official product page,official,Added,Official source image is 500px on its long side; preserved without artificial detail generation.
QMach,overlock-interlock,Overlock Head,QMach Overlock Head,Overlock Head,,QMach_Overlock_Overlock-Head.jpg,/images/product images/qmach/overlock/QMach_Overlock_Overlock-Head.jpg,https://www.qmach.net/product-page/qmach-heavy-duty-overlock-model,official product page,official,Added,Official image converted to sRGB JPEG.
QMach,domestic-machines,Jumbo Plus Foot Operated,QMach Qmach Jumbo Plus Foot Operated,Jumbo Plus Foot Operated,,QMach_Domestic_Jumbo-Plus-Foot-Operated.jpg,/images/product images/qmach/domestic/QMach_Domestic_Jumbo-Plus-Foot-Operated.jpg,https://www.qmach.net/product-page/qmach-jumbo-plus-foot-operated,official product page,official,Added,Official source image is 489px on its long side; preserved without artificial detail generation.
QMach,domestic-machines,Turbo Plus Foot Operated,QMach Turbo Plus Foot Operated,Turbo Plus Foot Operated,,QMach_Domestic_Turbo-Plus-Foot-Operated.jpg,/images/product images/qmach/domestic/QMach_Domestic_Turbo-Plus-Foot-Operated.jpg,https://www.qmach.net/product-page/qmach-turbo-plus-foot-operated,official product page,official,Added,Official source image is 500px on its long side; preserved without artificial detail generation.
QMach,garment-machinery,&#x27;s  1/12 HP HouseHold Sewing Motor,QMach&#x27;s  1/12 HP HouseHold Sewing Motor,&#x27;s  1/12 HP HouseHold Sewing Motor,,QMach_Motor_-x27-s-1-12-HP-HouseHold-Sewing-Motor.jpg,/images/product images/qmach/motor/QMach_Motor_-x27-s-1-12-HP-HouseHold-Sewing-Motor.jpg,https://www.qmach.net/product-page/qmach-s-1-12-hp-household-sewing-motor,official product page,official,Added,Official image converted to sRGB JPEG.
QMach,garment-machinery,&#x27;s  1/12 HP Industrial Sewing Motor,QMach&#x27;s  1/12 HP Industrial Sewing Motor,&#x27;s  1/12 HP Industrial Sewing Motor,,QMach_Motor_-x27-s-1-12-HP-Industrial-Sewing-Motor.jpg,/images/product images/qmach/motor/QMach_Motor_-x27-s-1-12-HP-Industrial-Sewing-Motor.jpg,https://www.qmach.net/product-page/qmach-s-1-12-hp-industrial-sewing-motor,official product page,official,Added,Official image converted to sRGB JPEG.
QMach,garment-machinery,&#x27;s  Mini 1/20 Motor,QMach&#x27;s  Mini 1/20 Motor,&#x27;s  Mini 1/20 Motor,,QMach_Motor_-x27-s-Mini-1-20-Motor.jpg,/images/product images/qmach/motor/QMach_Motor_-x27-s-Mini-1-20-Motor.jpg,https://www.qmach.net/product-page/qmach-s-mini-1-2-motor,official product page,official,Added,Official image converted to sRGB JPEG.
SINGER,domestic-machines,Zigzag,SINGER 4002 Heavy Duty foot Basic with SM Stand-SV,4002 Heavy Duty foot Basic with SM Stand-SV,,SINGER_Zigzag_4002-Heavy-Duty-foot-Basic-with-SM-Stand-SV.jpg,/images/product images/singer/zigzag/SINGER_Zigzag_4002-Heavy-Duty-foot-Basic-with-SM-Stand-SV.jpg,https://shop.singerindia.com/product/singer-4002-foot-basic-with-sm-stand-sv/,official SINGER India product API,official,Added,Official source image is 1500px on its long side; preserved without artificial detail generation.
SINGER,domestic-machines,Zigzag,SINGER 4002 Heavy Duty Head only,4002 Heavy Duty Head only,,SINGER_Zigzag_4002-Heavy-Duty-Head-only.jpg,/images/product images/singer/zigzag/SINGER_Zigzag_4002-Heavy-Duty-Head-only.jpg,https://shop.singerindia.com/product/singer-4002-heavy-duty/,official SINGER India product API,official,Added,Official source image is 1500px on its long side; preserved without artificial detail generation.
SINGER,domestic-machines,Zigzag,SINGER 4002 Heavy Duty with Aristocase,4002 Heavy Duty with Aristocase,,SINGER_Zigzag_4002-Heavy-Duty-with-Aristocase.jpg,/images/product images/singer/zigzag/SINGER_Zigzag_4002-Heavy-Duty-with-Aristocase.jpg,https://shop.singerindia.com/product/singer-4002-with-aristocase/,official SINGER India product API,official,Added,Official source image is 1500px on its long side; preserved without artificial detail generation.
SINGER,domestic-machines,Zigzag,SINGER 4023 Heavy Duty foot Basic with SM Stand-SV,4023 Heavy Duty foot Basic with SM Stand-SV,,SINGER_Zigzag_4023-Heavy-Duty-foot-Basic-with-SM-Stand-SV.jpg,/images/product images/singer/zigzag/SINGER_Zigzag_4023-Heavy-Duty-foot-Basic-with-SM-Stand-SV.jpg,https://shop.singerindia.com/product/singer-4023-foot-basic-with-sm-stand-sv/,official SINGER India product API,official,Added,Official source image is 1500px on its long side; preserved without artificial detail generation.
SINGER,domestic-machines,Zigzag,SINGER 4023 Heavy Duty Head Only,4023 Heavy Duty Head Only,,SINGER_Zigzag_4023-Heavy-Duty-Head-Only.jpg,/images/product images/singer/zigzag/SINGER_Zigzag_4023-Heavy-Duty-Head-Only.jpg,https://shop.singerindia.com/product/singer-4023-heavy-duty-head-only/,official SINGER India product API,official,Added,Official source image is 1500px on its long side; preserved without artificial detail generation.
SINGER,domestic-machines,Zigzag,SINGER 4023 Heavy Duty with Aristocase,4023 Heavy Duty with Aristocase,,SINGER_Zigzag_4023-Heavy-Duty-with-Aristocase.jpg,/images/product images/singer/zigzag/SINGER_Zigzag_4023-Heavy-Duty-with-Aristocase.jpg,https://shop.singerindia.com/product/singer-4023-with-aristocase/,official SINGER India product API,official,Added,Official source image is 1500px on its long side; preserved without artificial detail generation.
SINGER,industrial-machines,Industrial,SINGER 9900,9900,,SINGER_Industrial_9900.jpg,/images/product images/singer/industrial/SINGER_Industrial_9900.jpg,https://shop.singerindia.com/product/9900/,official SINGER India product API,official,Added,Official source image is 1500px on its long side; preserved without artificial detail generation.
SINGER,industrial-machines,Industrial,SINGER 9900-Y,9900-Y,,SINGER_Industrial_9900-Y.jpg,/images/product images/singer/industrial/SINGER_Industrial_9900-Y.jpg,https://shop.singerindia.com/product/9900-y/,official SINGER India product API,official,Added,Official source image is 1500px on its long side; preserved without artificial detail generation.
SINGER,industrial-machines,Industrial,SINGER 9900H-Y ( Large Hook ),9900H-Y ( Large Hook ),,SINGER_Industrial_9900-Y.jpg,/images/product images/singer/industrial/SINGER_Industrial_9900-Y.jpg,https://shop.singerindia.com/product/9900h-y-large-hook/,official SINGER India product API,official,Added,Reused an identical processed official image. Official source image is 1500px on its long side; preserved without artificial detail generation.
SINGER,accessories,Accessories,SINGER Auto Threader,Auto Threader,,SINGER_Accessories_Auto-Threader.jpg,/images/product images/singer/accessories/SINGER_Accessories_Auto-Threader.jpg,https://shop.singerindia.com/product/singer-auto-threader/,official SINGER India product API,official,Added,Official source image is 1171px on its long side; preserved without artificial detail generation.
SINGER,accessories,Accessories,SINGER Bobbin,Bobbin,,SINGER_Accessories_Bobbin.jpg,/images/product images/singer/accessories/SINGER_Accessories_Bobbin.jpg,https://shop.singerindia.com/product/singer-bobbin/,official SINGER India product API,official,Added,Official source image is 780px on its long side; preserved without artificial detail generation.
SINGER,accessories,Accessories,SINGER Bobbin Case,Bobbin Case,,SINGER_Accessories_Bobbin-Case.jpg,/images/product images/singer/accessories/SINGER_Accessories_Bobbin-Case.jpg,https://shop.singerindia.com/product/singer-bobbin-case-2/,official SINGER India product API,official,Added,Official source image is 953px on its long side; preserved without artificial detail generation.
SINGER,domestic-machines,Electronic / Embroidery,SINGER C5205,C5205,,SINGER_Electronic-Embroidery_C5205.jpg,/images/product images/singer/electronic-embroidery/SINGER_Electronic-Embroidery_C5205.jpg,https://shop.singerindia.com/product/singer-c5205/,official SINGER India product API,official,Added,Official source image is 1500px on its long side; preserved without artificial detail generation.
SINGER,accessories,Accessories,SINGER Dial Tension Supporter Plate Cover,Dial Tension Supporter Plate Cover,,SINGER_Accessories_Dial-Tension-Supporter-Plate-Cover.jpg,/images/product images/singer/accessories/SINGER_Accessories_Dial-Tension-Supporter-Plate-Cover.jpg,https://shop.singerindia.com/product/singer-dial-tension-supporter-plate-cover/,official SINGER India product API,official,Added,Official source image is 1395px on its long side; preserved without artificial detail generation.
SINGER,accessories,Accessories,SINGER DISC ASSEMBLY,DISC ASSEMBLY,,SINGER_Accessories_DISC-ASSEMBLY.jpg,/images/product images/singer/accessories/SINGER_Accessories_DISC-ASSEMBLY.jpg,https://shop.singerindia.com/product/singer-disc-assembly/,official SINGER India product API,official,Added,Official image converted to sRGB JPEG.
SINGER,domestic-machines,Zigzag,SINGER Elegance,Elegance,,SINGER_Zigzag_Elegance.jpg,/images/product images/singer/zigzag/SINGER_Zigzag_Elegance.jpg,https://shop.singerindia.com/product/singer-elegance/,official SINGER India product API,official,Added,Official source image is 1500px on its long side; preserved without artificial detail generation.
SINGER,domestic-machines,Zigzag,SINGER Elite,Elite,,SINGER_Zigzag_Elite.jpg,/images/product images/singer/zigzag/SINGER_Zigzag_Elite.jpg,https://shop.singerindia.com/product/singer-elite/,official SINGER India product API,official,Added,Official source image is 1500px on its long side; preserved without artificial detail generation.
SINGER,accessories,Accessories,SINGER Feed Dog,Feed Dog,,SINGER_Accessories_Feed-Dog.jpg,/images/product images/singer/accessories/SINGER_Accessories_Feed-Dog.jpg,https://shop.singerindia.com/product/singer-feed-dog-2/,official SINGER India product API,official,Added,Official source image is 825px on its long side; preserved without artificial detail generation.
SINGER,domestic-machines,Artisan,SINGER Finedge Head,Finedge Head,,SINGER_Artisan_Finedge-Head.jpg,/images/product images/singer/artisan/SINGER_Artisan_Finedge-Head.jpg,https://shop.singerindia.com/product/singer-finedge-head/,official SINGER India product API,official,Added,Official source image is 1500px on its long side; preserved without artificial detail generation.
SINGER,domestic-machines,Domestic,SINGER FM 1307,FM 1307,,SINGER_Domestic_FM-1307.jpg,/images/product images/singer/domestic/SINGER_Domestic_FM-1307.jpg,https://shop.singerindia.com/product/fm-1307/,official SINGER India product API,official,Added,Official source image is 1500px on its long side; preserved without artificial detail generation.
SINGER,domestic-machines,Domestic,SINGER FM 1410,FM 1410,,SINGER_Domestic_FM-1410.jpg,/images/product images/singer/domestic/SINGER_Domestic_FM-1410.jpg,https://shop.singerindia.com/product/fm-1410/,official SINGER India product API,official,Added,Official source image is 1500px on its long side; preserved without artificial detail generation.
SINGER,domestic-machines,Domestic,SINGER FM 3323,FM 3323,,SINGER_Domestic_FM-3323.jpg,/images/product images/singer/domestic/SINGER_Domestic_FM-3323.jpg,https://shop.singerindia.com/product/fm-3323/,official SINGER India product API,official,Added,Official source image is 1500px on its long side; preserved without artificial detail generation.
SINGER,domestic-machines,Domestic,SINGER FM 3432,FM 3432,,SINGER_Domestic_FM-3432.jpg,/images/product images/singer/domestic/SINGER_Domestic_FM-3432.jpg,https://shop.singerindia.com/product/fm-3432/,official SINGER India product API,official,Added,Official source image is 1500px on its long side; preserved without artificial detail generation.
SINGER,domestic-machines,Domestic,SINGER FM 4323,FM 4323,,SINGER_Domestic_FM-4323.jpg,/images/product images/singer/domestic/SINGER_Domestic_FM-4323.jpg,https://shop.singerindia.com/product/fm-4323/,official SINGER India product API,official,Added,Official source image is 1500px on its long side; preserved without artificial detail generation.
SINGER,domestic-machines,Zigzag,SINGER FM 8280,FM 8280,,SINGER_Zigzag_FM-8280.jpg,/images/product images/singer/zigzag/SINGER_Zigzag_FM-8280.jpg,https://shop.singerindia.com/product/singer-fm-8280/,official SINGER India product API,official,Added,Official source image is 1500px on its long side; preserved without artificial detail generation.
SINGER,domestic-machines,Zigzag,SINGER FM SINGER New Elite,FM SINGER New Elite,,SINGER_Zigzag_FM-SINGER-New-Elite.jpg,/images/product images/singer/zigzag/SINGER_Zigzag_FM-SINGER-New-Elite.jpg,https://shop.singerindia.com/product/fm-singer-new-elite/,official SINGER India product API,official,Added,Official source image is 1500px on its long side; preserved without artificial detail generation.
SINGER,accessories,Accessories,SINGER Foot Control for FM 8280/1306/1304/1408/1409/1412/3505/3305,Foot Control for FM 8280/1306/1304/1408/1409/1412/3505/3305,,SINGER_Accessories_Foot-Control-for-FM-8280-1306-1304-1408-1409-1412-3505-3305.jpg,/images/product images/singer/accessories/SINGER_Accessories_Foot-Control-for-FM-8280-1306-1304-1408-1409-1412-3505-3305.jpg,https://shop.singerindia.com/product/singer-m3505-3350-foot-control/,official SINGER India product API,official,Added,Official image converted to sRGB JPEG.
SINGER,domestic-machines,Domestic,"SINGER Handheld Stapler Sewing Machine -White, Red – ( Built-in Stitches 1)","Handheld Stapler Sewing Machine -White, Red – ( Built-in Stitches 1)",,SINGER_Domestic_Handheld-Stapler-Sewing-Machine-White-Red-Built-in-Stitches-1.jpg,/images/product images/singer/domestic/SINGER_Domestic_Handheld-Stapler-Sewing-Machine-White-Red-Built-in-Stitches-1.jpg,https://shop.singerindia.com/product/singer-handheld-stapler-sewing-machine-white-red-built-in-stitches-1/,official SINGER India product API,official,Added,Official source image is 646px on its long side; preserved without artificial detail generation.
SINGER,domestic-machines,Zigzag,SINGER HD 4423,HD 4423,,SINGER_Zigzag_HD-4423.jpg,/images/product images/singer/zigzag/SINGER_Zigzag_HD-4423.jpg,https://shop.singerindia.com/product/singer-hd-4423/,official SINGER India product API,official,Added,Official source image is 1500px on its long side; preserved without artificial detail generation.
SINGER,domestic-machines,Zigzag,SINGER Husqvarna Onyx 15,Husqvarna Onyx 15,,SINGER_Zigzag_Husqvarna-Onyx-15.jpg,/images/product images/singer/zigzag/SINGER_Zigzag_Husqvarna-Onyx-15.jpg,https://shop.singerindia.com/product/husqvarna-onyx-15/,official SINGER India product API,official,Added,Official source image is 1500px on its long side; preserved without artificial detail generation.
SINGER,domestic-machines,Zigzag,SINGER Husqvarna Onyx 25,Husqvarna Onyx 25,,SINGER_Zigzag_Husqvarna-Onyx-25.jpg,/images/product images/singer/zigzag/SINGER_Zigzag_Husqvarna-Onyx-25.jpg,https://shop.singerindia.com/product/husqvarna-onyx-25/,official SINGER India product API,official,Added,Official source image is 1500px on its long side; preserved without artificial detail generation.
SINGER,domestic-machines,Electronic / Embroidery,SINGER Husqvarna Topaz 50,Husqvarna Topaz 50,,SINGER_Electronic-Embroidery_Husqvarna-Topaz-50.jpg,/images/product images/singer/electronic-embroidery/SINGER_Electronic-Embroidery_Husqvarna-Topaz-50.jpg,https://shop.singerindia.com/product/husqvarna-topaz-50/,official SINGER India product API,official,Added,Official source image is 1500px on its long side; preserved without artificial detail generation.
SINGER,accessories,Accessories,SINGER Led Light With Holder Cpl 220V,Led Light With Holder Cpl 220V,,SINGER_Accessories_Led-Light-With-Holder-Cpl-220V.jpg,/images/product images/singer/accessories/SINGER_Accessories_Led-Light-With-Holder-Cpl-220V.jpg,https://shop.singerindia.com/product/singer-led-light-with-holder-cpl-220v-2/,official SINGER India product API,official,Added,Official source image is 1305px on its long side; preserved without artificial detail generation.
SINGER,accessories,Accessories,SINGER Lower Shaft Gear,Lower Shaft Gear,,SINGER_Accessories_Lower-Shaft-Gear.jpg,/images/product images/singer/accessories/SINGER_Accessories_Lower-Shaft-Gear.jpg,https://shop.singerindia.com/product/singer-lower-shaft-gear/,official SINGER India product API,official,Added,Official source image is 1004px on its long side; preserved without artificial detail generation.
SINGER,domestic-machines,Zigzag,SINGER M 2605,M 2605,,SINGER_Zigzag_M-2605.jpg,/images/product images/singer/zigzag/SINGER_Zigzag_M-2605.jpg,https://shop.singerindia.com/product/singer-m-2605/,official SINGER India product API,official,Added,Official source image is 1500px on its long side; preserved without artificial detail generation.
SINGER,domestic-machines,Zigzag,SINGER M 3305,M 3305,,SINGER_Zigzag_M-3305.jpg,/images/product images/singer/zigzag/SINGER_Zigzag_M-3305.jpg,https://shop.singerindia.com/product/singer-m-3305/,official SINGER India product API,official,Added,Official source image is 1500px on its long side; preserved without artificial detail generation.
SINGER,domestic-machines,Zigzag,SINGER M 3330,M 3330,,SINGER_Zigzag_M-3330.jpg,/images/product images/singer/zigzag/SINGER_Zigzag_M-3330.jpg,https://shop.singerindia.com/product/singer-m-3330/,official SINGER India product API,official,Added,Official source image is 1500px on its long side; preserved without artificial detail generation.
SINGER,domestic-machines,Zigzag,SINGER M 3505,M 3505,,SINGER_Zigzag_M-3505.jpg,/images/product images/singer/zigzag/SINGER_Zigzag_M-3505.jpg,https://shop.singerindia.com/product/singer-m-3505/,official SINGER India product API,official,Added,Official source image is 1500px on its long side; preserved without artificial detail generation.
SINGER,domestic-machines,Straight Stitch,SINGER Magna Head,Magna Head,,SINGER_Straight-Stitch_Magna-Head.jpg,/images/product images/singer/straight-stitch/SINGER_Straight-Stitch_Magna-Head.jpg,https://shop.singerindia.com/product/singer-magna-head-copy/,official SINGER India product API,official,Added,Official source image is 1500px on its long side; preserved without artificial detail generation.
SINGER,domestic-machines,Straight Stitch,SINGER Magna Supreme Head,Magna Supreme Head,,SINGER_Straight-Stitch_Magna-Supreme-Head.jpg,/images/product images/singer/straight-stitch/SINGER_Straight-Stitch_Magna-Supreme-Head.jpg,https://shop.singerindia.com/product/singer-magna-supreme-head-copy/,official SINGER India product API,official,Added,Official source image is 1500px on its long side; preserved without artificial detail generation.
SINGER,domestic-machines,Straight Stitch,SINGER Magna Supreme Unit Pack,Magna Supreme Unit Pack,,SINGER_Straight-Stitch_Magna-Supreme-Unit-Pack.jpg,/images/product images/singer/straight-stitch/SINGER_Straight-Stitch_Magna-Supreme-Unit-Pack.jpg,https://shop.singerindia.com/product/singer-magna-supreme-unit-pack-copy/,official SINGER India product API,official,Added,Official source image is 1500px on its long side; preserved without artificial detail generation.
SINGER,domestic-machines,Artisan,SINGER Merritt Bag Closer- Single Needle.,Merritt Bag Closer- Single Needle.,,SINGER_Artisan_Merritt-Bag-Closer-Single-Needle..jpg,/images/product images/singer/artisan/SINGER_Artisan_Merritt-Bag-Closer-Single-Needle..jpg,https://shop.singerindia.com/product/merritt-bag-closer-single-needle/,official SINGER India product API,official,Added,Official source image is 1500px on its long side; preserved without artificial detail generation.
SINGER,domestic-machines,Artisan,SINGER Merritt Craftman Head,Merritt Craftman Head,,SINGER_Artisan_Merritt-Craftman-Head.jpg,/images/product images/singer/artisan/SINGER_Artisan_Merritt-Craftman-Head.jpg,https://shop.singerindia.com/product/merritt-craftman-head/,official SINGER India product API,official,Added,Official source image is 1500px on its long side; preserved without artificial detail generation.
SINGER,domestic-machines,Artisan,SINGER Merritt Finedge Head,Merritt Finedge Head,,SINGER_Artisan_Merritt-Finedge-Head.jpg,/images/product images/singer/artisan/SINGER_Artisan_Merritt-Finedge-Head.jpg,https://shop.singerindia.com/product/merritt-finedge-head/,official SINGER India product API,official,Added,Official source image is 1500px on its long side; preserved without artificial detail generation.
SINGER,domestic-machines,Straight Stitch,SINGER Merritt Magic Head,Merritt Magic Head,,SINGER_Straight-Stitch_Merritt-Magic-Head.jpg,/images/product images/singer/straight-stitch/SINGER_Straight-Stitch_Merritt-Magic-Head.jpg,https://shop.singerindia.com/product/merritt-magic-head-copy/,official SINGER India product API,official,Added,Official source image is 768px on its long side; preserved without artificial detail generation.
SINGER,domestic-machines,Straight Stitch,SINGER Merritt Magic Premium Head,Merritt Magic Premium Head,,SINGER_Straight-Stitch_Merritt-Magic-Premium-Head.jpg,/images/product images/singer/straight-stitch/SINGER_Straight-Stitch_Merritt-Magic-Premium-Head.jpg,https://shop.singerindia.com/product/merritt-magic-premium-head-copy/,official SINGER India product API,official,Added,Official source image is 1500px on its long side; preserved without artificial detail generation.
SINGER,domestic-machines,Straight Stitch,SINGER Merritt Magic Supreme Head,Merritt Magic Supreme Head,,SINGER_Straight-Stitch_Merritt-Magic-Supreme-Head.jpg,/images/product images/singer/straight-stitch/SINGER_Straight-Stitch_Merritt-Magic-Supreme-Head.jpg,https://shop.singerindia.com/product/merritt-magic-supreme-head-copy/,official SINGER India product API,official,Added,Official source image is 1500px on its long side; preserved without artificial detail generation.
SINGER,domestic-machines,Straight Stitch,SINGER Merritt Sewing Machine 89 ND 12 H/TA A Cover,Merritt Sewing Machine 89 ND 12 H/TA A Cover,,SINGER_Straight-Stitch_Merritt-Sewing-Machine-89-ND-12-H-TA-A-Cover.jpg,/images/product images/singer/straight-stitch/SINGER_Straight-Stitch_Merritt-Sewing-Machine-89-ND-12-H-TA-A-Cover.jpg,https://shop.singerindia.com/product/singer-merritt-sewing-machine-89-nd-12-h-ta-a-cover-copy/,official SINGER India product API,official,Added,Official source image is 500px on its long side; preserved without artificial detail generation.
SINGER,domestic-machines,Straight Stitch,SINGER Merritt Sonata Supreme Head,Merritt Sonata Supreme Head,,SINGER_Straight-Stitch_Merritt-Sonata-Supreme-Head.jpg,/images/product images/singer/straight-stitch/SINGER_Straight-Stitch_Merritt-Sonata-Supreme-Head.jpg,https://shop.singerindia.com/product/merritt-sonata-supreme-head-copy/,official SINGER India product API,official,Added,Official source image is 1500px on its long side; preserved without artificial detail generation.
SINGER,domestic-machines,Artisan,SINGER Merritt Stitch Master Head,Merritt Stitch Master Head,,SINGER_Artisan_Merritt-Stitch-Master-Head.jpg,/images/product images/singer/artisan/SINGER_Artisan_Merritt-Stitch-Master-Head.jpg,https://shop.singerindia.com/product/merritt-stitch-master-head/,official SINGER India product API,official,Added,Official source image is 1500px on its long side; preserved without artificial detail generation.
SINGER,domestic-machines,Artisan,SINGER Merritt Stitch Master with Gear Head,Merritt Stitch Master with Gear Head,,SINGER_Artisan_Merritt-Stitch-Master-with-Gear-Head.jpg,/images/product images/singer/artisan/SINGER_Artisan_Merritt-Stitch-Master-with-Gear-Head.jpg,https://shop.singerindia.com/product/merritt-stitch-master-with-gear-head/,official SINGER India product API,official,Added,Official source image is 1500px on its long side; preserved without artificial detail generation.
SINGER,domestic-machines,Straight Stitch,SINGER Merritt Tailor Head,Merritt Tailor Head,,SINGER_Straight-Stitch_Merritt-Tailor-Head.jpg,/images/product images/singer/straight-stitch/SINGER_Straight-Stitch_Merritt-Tailor-Head.jpg,https://shop.singerindia.com/product/merritt-tailor-head-copy/,official SINGER India product API,official,Added,Official source image is 1500px on its long side; preserved without artificial detail generation.
SINGER,domestic-machines,Straight Stitch,SINGER Merritt Tailor Head Blue,Merritt Tailor Head Blue,,SINGER_Straight-Stitch_Merritt-Tailor-Head-Blue.jpg,/images/product images/singer/straight-stitch/SINGER_Straight-Stitch_Merritt-Tailor-Head-Blue.jpg,https://shop.singerindia.com/product/merritt-tailor-head-blue-copy/,official SINGER India product API,official,Added,Official source image is 1500px on its long side; preserved without artificial detail generation.
SINGER,domestic-machines,Straight Stitch,SINGER Merritt Tailor Head Brown,Merritt Tailor Head Brown,,SINGER_Straight-Stitch_Merritt-Tailor-Head-Brown.jpg,/images/product images/singer/straight-stitch/SINGER_Straight-Stitch_Merritt-Tailor-Head-Brown.jpg,https://shop.singerindia.com/product/merritt-tailor-head-brown-copy/,official SINGER India product API,official,Added,Official source image is 1500px on its long side; preserved without artificial detail generation.
SINGER,domestic-machines,Straight Stitch,SINGER Merritt Tailor Head Green,Merritt Tailor Head Green,,SINGER_Straight-Stitch_Merritt-Tailor-Head-Green.jpg,/images/product images/singer/straight-stitch/SINGER_Straight-Stitch_Merritt-Tailor-Head-Green.jpg,https://shop.singerindia.com/product/merritt-tailor-head-green-copy/,official SINGER India product API,official,Added,Official source image is 768px on its long side; preserved without artificial detail generation.
SINGER,domestic-machines,Straight Stitch,SINGER Merritt Tailor Head Red,Merritt Tailor Head Red,,SINGER_Straight-Stitch_Merritt-Tailor-Head-Red.jpg,/images/product images/singer/straight-stitch/SINGER_Straight-Stitch_Merritt-Tailor-Head-Red.jpg,https://shop.singerindia.com/product/merritt-tailor-head-red-copy/,official SINGER India product API,official,Added,Official source image is 1500px on its long side; preserved without artificial detail generation.
SINGER,domestic-machines,Straight Stitch,SINGER Merritt Tailor Master Head,Merritt Tailor Master Head,,SINGER_Straight-Stitch_Merritt-Tailor-Master-Head.jpg,/images/product images/singer/straight-stitch/SINGER_Straight-Stitch_Merritt-Tailor-Master-Head.jpg,https://shop.singerindia.com/product/merritt-tailor-master-head-copy/,official SINGER India product API,official,Added,Official source image is 1500px on its long side; preserved without artificial detail generation.
SINGER,domestic-machines,Artisan,SINGER Merritt Universal Head with Indian Hook Set,Merritt Universal Head with Indian Hook Set,,SINGER_Artisan_Merritt-Universal-Head-with-Indian-Hook-Set.jpg,/images/product images/singer/artisan/SINGER_Artisan_Merritt-Universal-Head-with-Indian-Hook-Set.jpg,https://shop.singerindia.com/product/merritt-universal-head-with-indian-hook-set/,official SINGER India product API,official,Added,Official source image is 1500px on its long side; preserved without artificial detail generation.
SINGER,domestic-machines,Artisan,SINGER Merritt Universal Supreme Head,Merritt Universal Supreme Head,,SINGER_Artisan_Merritt-Universal-Supreme-Head.jpg,/images/product images/singer/artisan/SINGER_Artisan_Merritt-Universal-Supreme-Head.jpg,https://shop.singerindia.com/product/merritt-universal-supreme-head/,official SINGER India product API,official,Added,Official source image is 1500px on its long side; preserved without artificial detail generation.
SINGER,domestic-machines,Artisan,SINGER Merritt Universal Unimet,Merritt Universal Unimet,,SINGER_Artisan_Merritt-Universal-Unimet.jpg,/images/product images/singer/artisan/SINGER_Artisan_Merritt-Universal-Unimet.jpg,https://shop.singerindia.com/product/merritt-universal-unimet/,official SINGER India product API,official,Added,Official source image is 1500px on its long side; preserved without artificial detail generation.
SINGER,domestic-machines,Artisan,SINGER Merritt Workmate Head with Indian H.Set,Merritt Workmate Head with Indian H.Set,,SINGER_Artisan_Merritt-Workmate-Head-with-Indian-H.Set.jpg,/images/product images/singer/artisan/SINGER_Artisan_Merritt-Workmate-Head-with-Indian-H.Set.jpg,https://shop.singerindia.com/product/merritt-workmate-head-with-indian-h-set/,official SINGER India product API,official,Added,Official source image is 1500px on its long side; preserved without artificial detail generation.
SINGER,domestic-machines,Artisan,SINGER Merritt Workmate Head with Indian H.Set-New,Merritt Workmate Head with Indian H.Set-New,,SINGER_Artisan_Merritt-Workmate-Head-with-Indian-H.Set-New.jpg,/images/product images/singer/artisan/SINGER_Artisan_Merritt-Workmate-Head-with-Indian-H.Set-New.jpg,https://shop.singerindia.com/product/merritt-workmate-head-with-indian-h-set-new/,official SINGER India product API,official,Added,Official source image is 1500px on its long side; preserved without artificial detail generation.
SINGER,accessories,Accessories,SINGER Motor,Motor,,SINGER_Accessories_Motor.jpg,/images/product images/singer/accessories/SINGER_Accessories_Motor.jpg,https://shop.singerindia.com/product/singer-motor/,official SINGER India product API,official,Added,Official image converted to sRGB JPEG.
SINGER,accessories,Accessories,SINGER Needle Clamp Cpl,Needle Clamp Cpl,,SINGER_Accessories_Needle-Clamp-Cpl.jpg,/images/product images/singer/accessories/SINGER_Accessories_Needle-Clamp-Cpl.jpg,https://shop.singerindia.com/product/singer-needle-clamp-cpl/,official SINGER India product API,official,Added,Official source image is 1235px on its long side; preserved without artificial detail generation.
SINGER,accessories,Accessories,SINGER Needle Plate,Needle Plate,,SINGER_Accessories_Needle-Plate.jpg,/images/product images/singer/accessories/SINGER_Accessories_Needle-Plate.jpg,https://shop.singerindia.com/product/singer-needle-plate-2/,official SINGER India product API,official,Added,Official source image is 1452px on its long side; preserved without artificial detail generation.
SINGER,accessories,Accessories,SINGER Needle Plate Cover,Needle Plate Cover,,SINGER_Accessories_Needle-Plate-Cover.jpg,/images/product images/singer/accessories/SINGER_Accessories_Needle-Plate-Cover.jpg,https://shop.singerindia.com/product/singer-needle-plate-cover/,official SINGER India product API,official,Added,Official source image is 1094px on its long side; preserved without artificial detail generation.
SINGER,accessories,Accessories,SINGER Open Shuttle Race,Open Shuttle Race,,SINGER_Accessories_Open-Shuttle-Race.jpg,/images/product images/singer/accessories/SINGER_Accessories_Open-Shuttle-Race.jpg,https://shop.singerindia.com/product/singer-open-shuttle-race/,official SINGER India product API,official,Added,Official source image is 1177px on its long side; preserved without artificial detail generation.
SINGER,accessories,Accessories,SINGER Open Shuttle Race Black Plastic Lever(Left)-Fm8280,Open Shuttle Race Black Plastic Lever(Left)-Fm8280,,SINGER_Accessories_Open-Shuttle-Race-Black-Plastic-Lever-Left-Fm8280.jpg,/images/product images/singer/accessories/SINGER_Accessories_Open-Shuttle-Race-Black-Plastic-Lever-Left-Fm8280.jpg,https://shop.singerindia.com/product/singer-open-shuttle-race-black-plastic-leverleft-fm8280/,official SINGER India product API,official,Added,Official source image is 857px on its long side; preserved without artificial detail generation.
SINGER,accessories,Accessories,SINGER Openshuttle Race Black Plastic Lever(Right)-Fm8280,Openshuttle Race Black Plastic Lever(Right)-Fm8280,,SINGER_Accessories_Openshuttle-Race-Black-Plastic-Lever-Right-Fm8280.jpg,/images/product images/singer/accessories/SINGER_Accessories_Openshuttle-Race-Black-Plastic-Lever-Right-Fm8280.jpg,https://shop.singerindia.com/product/singer-openshuttle-race-black-plastic-leverright-fm8280/,official SINGER India product API,official,Added,Official source image is 870px on its long side; preserved without artificial detail generation.
SINGER,accessories,Accessories,SINGER Pattern Selector Dial,Pattern Selector Dial,,SINGER_Accessories_Pattern-Selector-Dial.jpg,/images/product images/singer/accessories/SINGER_Accessories_Pattern-Selector-Dial.jpg,https://shop.singerindia.com/product/singer-pattern-selector-dial/,official SINGER India product API,official,Added,Official source image is 889px on its long side; preserved without artificial detail generation.
SINGER,domestic-machines,Straight Stitch,SINGER Popular Unit Pack,Popular Unit Pack,,SINGER_Straight-Stitch_Popular-Unit-Pack.jpg,/images/product images/singer/straight-stitch/SINGER_Straight-Stitch_Popular-Unit-Pack.jpg,https://shop.singerindia.com/product/singer-popular-unit-pack-copy/,official SINGER India product API,official,Added,Official source image is 1500px on its long side; preserved without artificial detail generation.
SINGER,domestic-machines,Domestic,SINGER Premium Gold Unit Pack Sewing Machine,Premium Gold Unit Pack Sewing Machine,,SINGER_Domestic_Premium-Gold-Unit-Pack-Sewing-Machine.jpg,/images/product images/singer/domestic/SINGER_Domestic_Premium-Gold-Unit-Pack-Sewing-Machine.jpg,https://shop.singerindia.com/product/singer-premium-gold-unit-pack-sewing-machine/,official SINGER India product API,official,Added,Official image converted to sRGB JPEG.
SINGER,accessories,Accessories,SINGER Presser Bar Lifter Lever,Presser Bar Lifter Lever,,SINGER_Accessories_Presser-Bar-Lifter-Lever.jpg,/images/product images/singer/accessories/SINGER_Accessories_Presser-Bar-Lifter-Lever.jpg,https://shop.singerindia.com/product/singer-presser-bar-lifter-lever/,official SINGER India product API,official,Added,Official source image is 1331px on its long side; preserved without artificial detail generation.
SINGER,domestic-machines,Zigzag,SINGER Promise FM 1408,Promise FM 1408,,SINGER_Zigzag_Promise-FM-1408.jpg,/images/product images/singer/zigzag/SINGER_Zigzag_Promise-FM-1408.jpg,https://shop.singerindia.com/product/singer-promise-fm-1408/,official SINGER India product API,official,Added,Official source image is 1500px on its long side; preserved without artificial detail generation.
SINGER,domestic-machines,Zigzag,SINGER Promise FM 1409,Promise FM 1409,,SINGER_Zigzag_Promise-FM-1409.jpg,/images/product images/singer/zigzag/SINGER_Zigzag_Promise-FM-1409.jpg,https://shop.singerindia.com/product/singer-promise-fm-1409/,official SINGER India product API,official,Added,Official source image is 1500px on its long side; preserved without artificial detail generation.
SINGER,domestic-machines,Zigzag,SINGER Promise FM 1412,Promise FM 1412,,SINGER_Zigzag_Promise-FM-1412.jpg,/images/product images/singer/zigzag/SINGER_Zigzag_Promise-FM-1412.jpg,https://shop.singerindia.com/product/singer-promise-fm-1412/,official SINGER India product API,official,Added,Official source image is 1500px on its long side; preserved without artificial detail generation.
SINGER,industrial-machines,Industrial,SINGER S -781F-Y,S -781F-Y,,SINGER_Industrial_S-781F-Y.jpg,/images/product images/singer/industrial/SINGER_Industrial_S-781F-Y.jpg,https://shop.singerindia.com/product/s-781f-y/,official SINGER India product API,official,Added,Official source image is 1500px on its long side; preserved without artificial detail generation.
SINGER,industrial-machines,Industrial,SINGER S – 101 D,S – 101 D,,SINGER_Industrial_S-101-D.jpg,/images/product images/singer/industrial/SINGER_Industrial_S-101-D.jpg,https://shop.singerindia.com/product/s-101-d/,official SINGER India product API,official,Added,Official source image is 1500px on its long side; preserved without artificial detail generation.
SINGER,industrial-machines,Industrial,SINGER S – 842,S – 842,,SINGER_Industrial_S-842.jpg,/images/product images/singer/industrial/SINGER_Industrial_S-842.jpg,https://shop.singerindia.com/product/s-842/,official SINGER India product API,official,Added,Official source image is 1500px on its long side; preserved without artificial detail generation.
SINGER,industrial-machines,Industrial,SINGER S 1377D-Y,S 1377D-Y,,SINGER_Industrial_S-1377D-Y.jpg,/images/product images/singer/industrial/SINGER_Industrial_S-1377D-Y.jpg,https://shop.singerindia.com/product/s-1377d-y/,official SINGER India product API,official,Added,Official source image is 1500px on its long side; preserved without artificial detail generation.
SINGER,industrial-machines,Industrial,SINGER S 3C-8,S 3C-8,,SINGER_Industrial_S-3C-8.jpg,/images/product images/singer/industrial/SINGER_Industrial_S-3C-8.jpg,https://shop.singerindia.com/product/s-3c-8/,official SINGER India product API,official,Added,Official source image is 573px on its long side; preserved without artificial detail generation.
SINGER,industrial-machines,Industrial,SINGER S 5400,S 5400,,SINGER_Industrial_S-5400.jpg,/images/product images/singer/industrial/SINGER_Industrial_S-5400.jpg,https://shop.singerindia.com/product/s-5400/,official SINGER India product API,official,Added,Official source image is 1500px on its long side; preserved without artificial detail generation.
SINGER,industrial-machines,Industrial,SINGER S 5400 -Y,S 5400 -Y,,SINGER_Industrial_S-5400-Y.jpg,/images/product images/singer/industrial/SINGER_Industrial_S-5400-Y.jpg,https://shop.singerindia.com/product/s-5400-y/,official SINGER India product API,official,Added,Official source image is 1500px on its long side; preserved without artificial detail generation.
SINGER,industrial-machines,Industrial,SINGER S 7770 -D,S 7770 -D,,SINGER_Industrial_S-7770-D.jpg,/images/product images/singer/industrial/SINGER_Industrial_S-7770-D.jpg,https://shop.singerindia.com/product/s-7770-d/,official SINGER India product API,official,Added,Official source image is 534px on its long side; preserved without artificial detail generation.
SINGER,industrial-machines,Industrial,SINGER S 8140,S 8140,,SINGER_Industrial_S-8140.jpg,/images/product images/singer/industrial/SINGER_Industrial_S-8140.jpg,https://shop.singerindia.com/product/s-8140/,official SINGER India product API,official,Added,Official source image is 1500px on its long side; preserved without artificial detail generation.
SINGER,industrial-machines,Industrial,SINGER S 8140-Y,S 8140-Y,,SINGER_Industrial_S-8150-Y.jpg,/images/product images/singer/industrial/SINGER_Industrial_S-8150-Y.jpg,https://shop.singerindia.com/product/s-8140-y/,official SINGER India product API,official,Added,Reused an identical processed official image. Official source image is 1500px on its long side; preserved without artificial detail generation.
SINGER,industrial-machines,Industrial,SINGER S 8150,S 8150,,SINGER_Industrial_S-8140.jpg,/images/product images/singer/industrial/SINGER_Industrial_S-8140.jpg,https://shop.singerindia.com/product/s-8150/,official SINGER India product API,official,Added,Reused an identical processed official image. Official source image is 1500px on its long side; preserved without artificial detail generation.
SINGER,industrial-machines,Industrial,SINGER S 8150-Y,S 8150-Y,,SINGER_Industrial_S-8150-Y.jpg,/images/product images/singer/industrial/SINGER_Industrial_S-8150-Y.jpg,https://shop.singerindia.com/product/s-8150-y/,official SINGER India product API,official,Added,Official source image is 1500px on its long side; preserved without artificial detail generation.
SINGER,industrial-machines,Industrial,SINGER S- 1412 P,S- 1412 P,,SINGER_Industrial_S-1412-P.jpg,/images/product images/singer/industrial/SINGER_Industrial_S-1412-P.jpg,https://shop.singerindia.com/product/s-1412-p/,official SINGER India product API,official,Added,Official source image is 1500px on its long side; preserved without artificial detail generation.
SINGER,industrial-machines,Industrial,SINGER S- 20U-53 -Y,S- 20U-53 -Y,,SINGER_Industrial_S-20U-53-Y.jpg,/images/product images/singer/industrial/SINGER_Industrial_S-20U-53-Y.jpg,https://shop.singerindia.com/product/s-20u-53-y/,official SINGER India product API,official,Added,Official source image is 1500px on its long side; preserved without artificial detail generation.
SINGER,industrial-machines,Industrial,SINGER S- 450 B,S- 450 B,,SINGER_Industrial_S-450-B.jpg,/images/product images/singer/industrial/SINGER_Industrial_S-450-B.jpg,https://shop.singerindia.com/product/s-450-b/,official SINGER India product API,official,Added,Official source image is 1500px on its long side; preserved without artificial detail generation.
SINGER,industrial-machines,Industrial,SINGER S- 845,S- 845,,SINGER_Industrial_S-845.jpg,/images/product images/singer/industrial/SINGER_Industrial_S-845.jpg,https://shop.singerindia.com/product/s-845/,official SINGER India product API,official,Added,Official source image is 1500px on its long side; preserved without artificial detail generation.
SINGER,industrial-machines,Industrial,SINGER S-0303,S-0303,,SINGER_Industrial_S-0303.jpg,/images/product images/singer/industrial/SINGER_Industrial_S-0303.jpg,https://shop.singerindia.com/product/s-0303/,official SINGER India product API,official,Added,Official source image is 1500px on its long side; preserved without artificial detail generation.
SINGER,industrial-machines,Industrial,SINGER S-1404 PSF,S-1404 PSF,,SINGER_Industrial_S-1404-PSF.jpg,/images/product images/singer/industrial/SINGER_Industrial_S-1404-PSF.jpg,https://shop.singerindia.com/product/s-1404-psf/,official SINGER India product API,official,Added,Official source image is 1500px on its long side; preserved without artificial detail generation.
SINGER,industrial-machines,Industrial,SINGER S-261-21,S-261-21,,SINGER_Industrial_S-261-21.jpg,/images/product images/singer/industrial/SINGER_Industrial_S-261-21.jpg,https://shop.singerindia.com/product/s-261-21/,official SINGER India product API,official,Added,Official source image is 1500px on its long side; preserved without artificial detail generation.
SINGER,industrial-machines,Industrial,SINGER S-261-23,S-261-23,,SINGER_Industrial_S-261-21.jpg,/images/product images/singer/industrial/SINGER_Industrial_S-261-21.jpg,https://shop.singerindia.com/product/s-261-23/,official SINGER India product API,official,Added,Reused an identical processed official image. Official source image is 1500px on its long side; preserved without artificial detail generation.
SINGER,industrial-machines,Industrial,SINGER SE -1790,SE -1790,,SINGER_Industrial_SE-1790.jpg,/images/product images/singer/industrial/SINGER_Industrial_SE-1790.jpg,https://shop.singerindia.com/product/se-1790/,official SINGER India product API,official,Added,Official source image is 1500px on its long side; preserved without artificial detail generation.
SINGER,industrial-machines,Industrial,SINGER SE – 299,SE – 299,,SINGER_Industrial_SE-299.jpg,/images/product images/singer/industrial/SINGER_Industrial_SE-299.jpg,https://shop.singerindia.com/product/se-299/,official SINGER India product API,official,Added,Official source image is 1500px on its long side; preserved without artificial detail generation.
SINGER,industrial-machines,Industrial,SINGER SE 1201F-58,SE 1201F-58,,SINGER_Industrial_SE-1201F-58.jpg,/images/product images/singer/industrial/SINGER_Industrial_SE-1201F-58.jpg,https://shop.singerindia.com/product/se1201f-58/,official SINGER India product API,official,Added,Official source image is 1500px on its long side; preserved without artificial detail generation.
SINGER,industrial-machines,Industrial,SINGER SE-1900,SE-1900,,SINGER_Industrial_SE-1900.jpg,/images/product images/singer/industrial/SINGER_Industrial_SE-1900.jpg,https://shop.singerindia.com/product/se-1900/,official SINGER India product API,official,Added,Official source image is 1500px on its long side; preserved without artificial detail generation.
SINGER,industrial-machines,Industrial,SINGER SE-1903,SE-1903,,SINGER_Industrial_SE-1903.jpg,/images/product images/singer/industrial/SINGER_Industrial_SE-1903.jpg,https://shop.singerindia.com/product/se-1903/,official SINGER India product API,official,Added,Official source image is 1500px on its long side; preserved without artificial detail generation.
SINGER,industrial-machines,Industrial,SINGER SE-600 D,SE-600 D,,SINGER_Industrial_SE-600-D.jpg,/images/product images/singer/industrial/SINGER_Industrial_SE-600-D.jpg,https://shop.singerindia.com/product/se-600-d/,official SINGER India product API,official,Added,Official source image is 1500px on its long side; preserved without artificial detail generation.
SINGER,domestic-machines,Electronic / Embroidery,SINGER SE9185,SE9185,,SINGER_Electronic-Embroidery_SE9185.jpg,/images/product images/singer/electronic-embroidery/SINGER_Electronic-Embroidery_SE9185.jpg,https://shop.singerindia.com/product/singer-se9185/,official SINGER India product API,official,Added,Official source image is 1500px on its long side; preserved without artificial detail generation.
SINGER,accessories,Accessories,SINGER Sewing M/c Motor Aluminum Body 1/12 HP,Sewing M/c Motor Aluminum Body 1/12 HP,,SINGER_Accessories_Sewing-M-c-Motor-Aluminum-Body-1-12-HP.jpg,/images/product images/singer/accessories/SINGER_Accessories_Sewing-M-c-Motor-Aluminum-Body-1-12-HP.jpg,https://shop.singerindia.com/product/sewing-m-c-motor-aluminum-body-1-12-hp/,official SINGER India product API,official,Added,Official image converted to sRGB JPEG.
SINGER,accessories,Accessories,SINGER Sewing M/c Motor Aluminum Body 1/20 HP,Sewing M/c Motor Aluminum Body 1/20 HP,,SINGER_Accessories_Sewing-M-c-Motor-Aluminum-Body-1-20-HP.jpg,/images/product images/singer/accessories/SINGER_Accessories_Sewing-M-c-Motor-Aluminum-Body-1-20-HP.jpg,https://shop.singerindia.com/product/sewing-m-c-motor-aluminum-body-1-20-hp/,official SINGER India product API,official,Added,Official image converted to sRGB JPEG.
SINGER,accessories,Accessories,SINGER Shuttle Driver,Shuttle Driver,,SINGER_Accessories_Shuttle-Driver.jpg,/images/product images/singer/accessories/SINGER_Accessories_Shuttle-Driver.jpg,https://shop.singerindia.com/product/singer-shuttle-driver/,official SINGER India product API,official,Added,Official source image is 1190px on its long side; preserved without artificial detail generation.
SINGER,accessories,Accessories,SINGER Shuttle Driver Shaft Gear,Shuttle Driver Shaft Gear,,SINGER_Accessories_Shuttle-Driver-Shaft-Gear.jpg,/images/product images/singer/accessories/SINGER_Accessories_Shuttle-Driver-Shaft-Gear.jpg,https://shop.singerindia.com/product/singer-shuttle-driver-shaft-gear/,official SINGER India product API,official,Added,Official source image is 742px on its long side; preserved without artificial detail generation.
SINGER,accessories,Accessories,SINGER Shuttle Hook,Shuttle Hook,,SINGER_Accessories_Shuttle-Hook.jpg,/images/product images/singer/accessories/SINGER_Accessories_Shuttle-Hook.jpg,https://shop.singerindia.com/product/singer-shuttle-hook/,official SINGER India product API,official,Added,Official source image is 953px on its long side; preserved without artificial detail generation.
SINGER,domestic-machines,Straight Stitch,SINGER Solo – Red Unit Pack,Solo – Red Unit Pack,,SINGER_Straight-Stitch_Solo-Red-Unit-Pack.jpg,/images/product images/singer/straight-stitch/SINGER_Straight-Stitch_Solo-Red-Unit-Pack.jpg,https://shop.singerindia.com/product/singer-solo-red-unit-pack-copy/,official SINGER India product API,official,Added,Official source image is 1500px on its long side; preserved without artificial detail generation.
SINGER,domestic-machines,Straight Stitch,SINGER Solo Unit Pack Sewing Machine,Solo Unit Pack Sewing Machine,,SINGER_Straight-Stitch_Solo-Unit-Pack-Sewing-Machine.jpg,/images/product images/singer/straight-stitch/SINGER_Straight-Stitch_Solo-Unit-Pack-Sewing-Machine.jpg,https://shop.singerindia.com/product/singer-solo-unit-pack-sewing-machine-copy/,official SINGER India product API,official,Added,Official image converted to sRGB JPEG.
SINGER,domestic-machines,Straight Stitch,SINGER Sonata Supreme Head,Sonata Supreme Head,,SINGER_Straight-Stitch_Sonata-Supreme-Head.jpg,/images/product images/singer/straight-stitch/SINGER_Straight-Stitch_Sonata-Supreme-Head.jpg,https://shop.singerindia.com/product/singer-sonata-supreme-head-copy/,official SINGER India product API,official,Added,Official source image is 1500px on its long side; preserved without artificial detail generation.
SINGER,domestic-machines,Straight Stitch,SINGER Sonata Supreme Unit Pack,Sonata Supreme Unit Pack,,SINGER_Straight-Stitch_Sonata-Supreme-Unit-Pack.jpg,/images/product images/singer/straight-stitch/SINGER_Straight-Stitch_Sonata-Supreme-Unit-Pack.jpg,https://shop.singerindia.com/product/singer-sonata-supreme-unit-pack-copy/,official SINGER India product API,official,Added,Official source image is 1500px on its long side; preserved without artificial detail generation.
SINGER,domestic-machines,Straight Stitch,SINGER Sonata Unit Pack,Sonata Unit Pack,,SINGER_Straight-Stitch_Sonata-Unit-Pack.jpg,/images/product images/singer/straight-stitch/SINGER_Straight-Stitch_Sonata-Unit-Pack.jpg,https://shop.singerindia.com/product/singer-sonata-unit-pack-copy/,official SINGER India product API,official,Added,Official source image is 1500px on its long side; preserved without artificial detail generation.
SINGER,domestic-machines,Straight Stitch,SINGER Sovereign Head,Sovereign Head,,SINGER_Straight-Stitch_Sovereign-Head.jpg,/images/product images/singer/straight-stitch/SINGER_Straight-Stitch_Sovereign-Head.jpg,https://shop.singerindia.com/product/singer-sovereign-head-copy/,official SINGER India product API,official,Added,Official source image is 1500px on its long side; preserved without artificial detail generation.
SINGER,domestic-machines,Straight Stitch,SINGER Sovereign Unit Pack,Sovereign Unit Pack,,SINGER_Straight-Stitch_Sovereign-Unit-Pack.jpg,/images/product images/singer/straight-stitch/SINGER_Straight-Stitch_Sovereign-Unit-Pack.jpg,https://shop.singerindia.com/product/singer-sovereign-unit-pack-copy/,official SINGER India product API,official,Added,Official source image is 1500px on its long side; preserved without artificial detail generation.
SINGER,industrial-machines,Industrial,SINGER SS 9900,SS 9900,,SINGER_Industrial_SS-9900.jpg,/images/product images/singer/industrial/SINGER_Industrial_SS-9900.jpg,https://shop.singerindia.com/product/ss-9900/,official SINGER India product API,official,Added,Official source image is 1500px on its long side; preserved without artificial detail generation.
SINGER,industrial-machines,Industrial,SINGER SS 9900 T,SS 9900 T,,SINGER_Industrial_SS-9900.jpg,/images/product images/singer/industrial/SINGER_Industrial_SS-9900.jpg,https://shop.singerindia.com/product/ss-9900-t/,official SINGER India product API,official,Added,Reused an identical processed official image. Official source image is 1500px on its long side; preserved without artificial detail generation.
SINGER,industrial-machines,Industrial,SINGER SS 9900 T -3,SS 9900 T -3,,SINGER_Industrial_SS-9900.jpg,/images/product images/singer/industrial/SINGER_Industrial_SS-9900.jpg,https://shop.singerindia.com/product/ss-9900-t-3/,official SINGER India product API,official,Added,Reused an identical processed official image. Official source image is 1500px on its long side; preserved without artificial detail generation.
SINGER,industrial-machines,Industrial,SINGER SS 9900 T -4 Pro,SS 9900 T -4 Pro,,SINGER_Industrial_SS-9900.jpg,/images/product images/singer/industrial/SINGER_Industrial_SS-9900.jpg,https://shop.singerindia.com/product/ss-9900-t-4-pro/,official SINGER India product API,official,Added,Reused an identical processed official image. Official source image is 1500px on its long side; preserved without artificial detail generation.
SINGER,industrial-machines,Industrial,SINGER SS 9900 T4,SS 9900 T4,,SINGER_Industrial_SS-9900-T4.jpg,/images/product images/singer/industrial/SINGER_Industrial_SS-9900-T4.jpg,https://shop.singerindia.com/product/ss-9900-t4/,official SINGER India product API,official,Added,Official source image is 1500px on its long side; preserved without artificial detail generation.
SINGER,domestic-machines,Zigzag,SINGER Start FM 1304,Start FM 1304,,SINGER_Zigzag_Start-FM-1304.jpg,/images/product images/singer/zigzag/SINGER_Zigzag_Start-FM-1304.jpg,https://shop.singerindia.com/product/singer-start-fm-1304/,official SINGER India product API,official,Added,Official source image is 1500px on its long side; preserved without artificial detail generation.
SINGER,domestic-machines,Artisan,SINGER Stitch Master Head,Stitch Master Head,,SINGER_Artisan_Stitch-Master-Head.jpg,/images/product images/singer/artisan/SINGER_Artisan_Stitch-Master-Head.jpg,https://shop.singerindia.com/product/singer-stitch-master-head/,official SINGER India product API,official,Added,Official source image is 1500px on its long side; preserved without artificial detail generation.
SINGER,domestic-machines,Artisan,SINGER Stitch Master With Gear Head,Stitch Master With Gear Head,,SINGER_Artisan_Stitch-Master-Head.jpg,/images/product images/singer/artisan/SINGER_Artisan_Stitch-Master-Head.jpg,https://shop.singerindia.com/product/singer-stitch-master-with-gear-head/,official SINGER India product API,official,Added,Reused an identical processed official image. Official source image is 1500px on its long side; preserved without artificial detail generation.
SINGER,domestic-machines,Straight Stitch,SINGER Tailor Head,Tailor Head,,SINGER_Straight-Stitch_Tailor-Head.jpg,/images/product images/singer/straight-stitch/SINGER_Straight-Stitch_Tailor-Head.jpg,https://shop.singerindia.com/product/singer-tailor-head-copy/,official SINGER India product API,official,Added,Official source image is 768px on its long side; preserved without artificial detail generation.
SINGER,domestic-machines,Straight Stitch,SINGER Tailor Head Blue,Tailor Head Blue,,SINGER_Straight-Stitch_Tailor-Head-Blue.jpg,/images/product images/singer/straight-stitch/SINGER_Straight-Stitch_Tailor-Head-Blue.jpg,https://shop.singerindia.com/product/singer-tailor-head-blue-copy/,official SINGER India product API,official,Added,Official source image is 790px on its long side; preserved without artificial detail generation.
SINGER,domestic-machines,Straight Stitch,SINGER Tailor Head Brown,Tailor Head Brown,,SINGER_Straight-Stitch_Tailor-Head-Brown.jpg,/images/product images/singer/straight-stitch/SINGER_Straight-Stitch_Tailor-Head-Brown.jpg,https://shop.singerindia.com/product/singer-tailor-head-brown-copy/,official SINGER India product API,official,Added,Official source image is 768px on its long side; preserved without artificial detail generation.
SINGER,domestic-machines,Straight Stitch,SINGER Tailor Head Green,Tailor Head Green,,SINGER_Straight-Stitch_Tailor-Head-Green.jpg,/images/product images/singer/straight-stitch/SINGER_Straight-Stitch_Tailor-Head-Green.jpg,https://shop.singerindia.com/product/singer-tailor-head-green-copy/,official SINGER India product API,official,Added,Official source image is 1500px on its long side; preserved without artificial detail generation.
SINGER,domestic-machines,Straight Stitch,SINGER Tailor Head Red,Tailor Head Red,,SINGER_Straight-Stitch_Tailor-Head-Red.jpg,/images/product images/singer/straight-stitch/SINGER_Straight-Stitch_Tailor-Head-Red.jpg,https://shop.singerindia.com/product/singer-tailor-head-red-copy/,official SINGER India product API,official,Added,Official source image is 1500px on its long side; preserved without artificial detail generation.
SINGER,domestic-machines,Straight Stitch,SINGER Tailor Mate,Tailor Mate,,SINGER_Straight-Stitch_Tailor-Mate.jpg,/images/product images/singer/straight-stitch/SINGER_Straight-Stitch_Tailor-Mate.jpg,https://shop.singerindia.com/product/singer-tailor-mate-copy/,official SINGER India product API,official,Added,Official source image is 1500px on its long side; preserved without artificial detail generation.
SINGER,domestic-machines,Straight Stitch,SINGER Tailor with Link Motion,Tailor with Link Motion,,SINGER_Straight-Stitch_Tailor-with-Link-Motion.jpg,/images/product images/singer/straight-stitch/SINGER_Straight-Stitch_Tailor-with-Link-Motion.jpg,https://shop.singerindia.com/product/singer-tailor-with-link-motion-copy/,official SINGER India product API,official,Added,Official source image is 1500px on its long side; preserved without artificial detail generation.
SINGER,domestic-machines,Zigzag,SINGER Talent FM 3321,Talent FM 3321,,SINGER_Zigzag_Talent-FM-3321.jpg,/images/product images/singer/zigzag/SINGER_Zigzag_Talent-FM-3321.jpg,https://shop.singerindia.com/product/singer-talent-fm-3321/,official SINGER India product API,official,Added,Official source image is 1500px on its long side; preserved without artificial detail generation.
SINGER,accessories,Accessories,SINGER Thread Take Up Lever,Thread Take Up Lever,,SINGER_Accessories_Thread-Take-Up-Lever.jpg,/images/product images/singer/accessories/SINGER_Accessories_Thread-Take-Up-Lever.jpg,https://shop.singerindia.com/product/singer-thread-take-up-lever/,official SINGER India product API,official,Added,Official source image is 1100px on its long side; preserved without artificial detail generation.
SINGER,domestic-machines,Artisan,SINGER Universal Supreme,Universal Supreme,,SINGER_Artisan_Universal-Supreme.jpg,/images/product images/singer/artisan/SINGER_Artisan_Universal-Supreme.jpg,https://shop.singerindia.com/product/singer-universal-supreme/,official SINGER India product API,official,Added,Official source image is 1500px on its long side; preserved without artificial detail generation.
SINGER,domestic-machines,Artisan,SINGER Workmate Head with Indian H.Set,Workmate Head with Indian H.Set,,SINGER_Artisan_Workmate-Head-with-Indian-H.Set.jpg,/images/product images/singer/artisan/SINGER_Artisan_Workmate-Head-with-Indian-H.Set.jpg,https://shop.singerindia.com/product/singer-workmate-head-with-indian-h-set/,official SINGER India product API,official,Added,Official source image is 1500px on its long side; preserved without artificial detail generation.
SINGER,domestic-machines,Artisan,SINGER Workmate Head with Indian H.Set-New,Workmate Head with Indian H.Set-New,,SINGER_Artisan_Workmate-Head-with-Indian-H.Set-New.jpg,/images/product images/singer/artisan/SINGER_Artisan_Workmate-Head-with-Indian-H.Set-New.jpg,https://shop.singerindia.com/product/singer-workmate-head-with-indian-h-set-new/,official SINGER India product API,official,Added,Official source image is 1500px on its long side; preserved without artificial detail generation.
SONEX,industrial-machines,B-3 Computerised 3 Function High Speed Direct Drive Single Needle Lockstitch UBT,SONEX B-3 Computerised 3 Function High Speed Direct Drive Single Needle Lockstitch UBT,B-3 Computerised 3 Function High Speed Direct Drive Single Needle Lockstitch UBT,,,,https://sonexnew.sonexsewingmachine.com/about-us/,official manufacturer category page,official,Added,No model-specific clean official image available; no substitute image was used.
SONEX,industrial-machines,B1-Q High Speed Direct Drive Single Needle Lockstitch,SONEX B1-Q High Speed Direct Drive Single Needle Lockstitch Sewing Machine,B1-Q High Speed Direct Drive Single Needle Lockstitch,,,,https://sonexnew.sonexsewingmachine.com/about-us/,official manufacturer category page,official,Added,No model-specific clean official image available; no substitute image was used.
SONEX,industrial-machines,B2-Q High Speed Direct Drive Single Needle Lockstitch Sewing Machine (With Auto Trimmer),SONEX B2-Q High Speed Direct Drive Single Needle Lockstitch Sewing Machine (With Auto Trimmer),B2-Q High Speed Direct Drive Single Needle Lockstitch Sewing Machine (With Auto Trimmer),,,,https://sonexnew.sonexsewingmachine.com/about-us/,official manufacturer category page,official,Added,No model-specific clean official image available; no substitute image was used.
SONEX,industrial-machines,B20,SONEX B20,B20,,,,https://sonexnew.sonexsewingmachine.com/about-us/,official manufacturer category page,official,Added,No model-specific clean official image available; no substitute image was used.
SONEX,industrial-machines,B22,SONEX B22,B22,,,,https://sonexnew.sonexsewingmachine.com/about-us/,official manufacturer category page,official,Added,No model-specific clean official image available; no substitute image was used.
SONEX,industrial-machines,F1,SONEX F1,F1,,,,https://sonexnew.sonexsewingmachine.com/about-us/,official manufacturer category page,official,Added,No model-specific clean official image available; no substitute image was used.
SONEX,industrial-machines,H7-4EUT,SONEX H7-4EUT,H7-4EUT,,,,https://sonexnew.sonexsewingmachine.com/about-us/,official manufacturer category page,official,Added,No model-specific clean official image available; no substitute image was used.
SONEX,industrial-machines,H8,SONEX H8,H8,,,,https://sonexnew.sonexsewingmachine.com/about-us/,official manufacturer category page,official,Added,No model-specific clean official image available; no substitute image was used.
SONEX,industrial-machines,H8A-5H,SONEX H8A-5H,H8A-5H,,,,https://sonexnew.sonexsewingmachine.com/about-us/,official manufacturer category page,official,Added,No model-specific clean official image available; no substitute image was used.
SONEX,industrial-machines,S1 High Speed Direct Drive Single Needle Lockstitch,SONEX S1 High Speed Direct Drive Single Needle Lockstitch Sewing Machine,S1 High Speed Direct Drive Single Needle Lockstitch,,,,https://sonexnew.sonexsewingmachine.com/about-us/,official manufacturer category page,official,Added,No model-specific clean official image available; no substitute image was used.
SONEX,industrial-machines,S1-2 High Speed Direct Drive Single Needle Lockstitch Sewing Machine (With Auto Trimmer),SONEX S1-2 High Speed Direct Drive Single Needle Lockstitch Sewing Machine (With Auto Trimmer),S1-2 High Speed Direct Drive Single Needle Lockstitch Sewing Machine (With Auto Trimmer),,,,https://sonexnew.sonexsewingmachine.com/about-us/,official manufacturer category page,official,Added,No model-specific clean official image available; no substitute image was used.
SONEX,industrial-machines,SX 0303,SONEX SX 0303,SX 0303,,,,https://sonexnew.sonexsewingmachine.com/about-us/,official manufacturer category page,official,Added,No model-specific clean official image available; no substitute image was used.
SONEX,industrial-machines,SX 0358D-CQ,SONEX SX 0358D-CQ,SX 0358D-CQ,,,,https://sonexnew.sonexsewingmachine.com/about-us/,official manufacturer category page,official,Added,No model-specific clean official image available; no substitute image was used.
SONEX,industrial-machines,SX 1341,SONEX SX 1341,SX 1341,,,,https://sonexnew.sonexsewingmachine.com/about-us/,official manufacturer category page,official,Added,No model-specific clean official image available; no substitute image was used.
SONEX,industrial-machines,SX 1341-7AT,SONEX SX 1341-7AT,SX 1341-7AT,,,,https://sonexnew.sonexsewingmachine.com/about-us/,official manufacturer category page,official,Added,No model-specific clean official image available; no substitute image was used.
SONEX,garment-machinery,SX 1377D,SONEX SX 1377D,SX 1377D,,,,https://sonexnew.sonexsewingmachine.com/about-us/,official manufacturer category page,official,Added,No model-specific clean official image available; no substitute image was used.
SONEX,industrial-machines,SX 1404PMD,SONEX SX 1404PMD,SX 1404PMD,,,,https://sonexnew.sonexsewingmachine.com/about-us/,official manufacturer category page,official,Added,No model-specific clean official image available; no substitute image was used.
SONEX,industrial-machines,SX 1408P-D,SONEX SX 1408P-D,SX 1408P-D,,,,https://sonexnew.sonexsewingmachine.com/about-us/,official manufacturer category page,official,Added,No model-specific clean official image available; no substitute image was used.
SONEX,industrial-machines,SX 1411PSF,SONEX SX 1411PSF,SX 1411PSF,,,,https://sonexnew.sonexsewingmachine.com/about-us/,official manufacturer category page,official,Added,No model-specific clean official image available; no substitute image was used.
SONEX,industrial-machines,SX 1508P-D,SONEX SX 1508P-D,SX 1508P-D,,,,https://sonexnew.sonexsewingmachine.com/about-us/,official manufacturer category page,official,Added,No model-specific clean official image available; no substitute image was used.
SONEX,industrial-machines,SX 1509P-D,SONEX SX 1509P-D,SX 1509P-D,,,,https://sonexnew.sonexsewingmachine.com/about-us/,official manufacturer category page,official,Added,No model-specific clean official image available; no substitute image was used.
SONEX,garment-machinery,SX 1530D,SONEX SX 1530D,SX 1530D,,,,https://sonexnew.sonexsewingmachine.com/about-us/,official manufacturer category page,official,Added,No model-specific clean official image available; no substitute image was used.
SONEX,garment-machinery,SX 1790,SONEX SX 1790,SX 1790,,,,https://sonexnew.sonexsewingmachine.com/about-us/,official manufacturer category page,official,Added,No model-specific clean official image available; no substitute image was used. | No model-specific clean official image available; no substitute image was used.
SONEX,garment-machinery,SX 1965,SONEX SX 1965,SX 1965,,,,https://sonexnew.sonexsewingmachine.com/about-us/,official manufacturer category page,official,Added,No model-specific clean official image available; no substitute image was used.
SONEX,garment-machinery,SX 1965-EJ,SONEX SX 1965-EJ,SX 1965-EJ,,,,https://sonexnew.sonexsewingmachine.com/about-us/,official manufacturer category page,official,Added,No model-specific clean official image available; no substitute image was used.
SONEX,industrial-machines,SX 202,SONEX SX 202,SX 202,,,,https://sonexnew.sonexsewingmachine.com/about-us/,official manufacturer category page,official,Added,No model-specific clean official image available; no substitute image was used.
SONEX,garment-machinery,SX 2284D,SONEX SX 2284D,SX 2284D,,,,https://sonexnew.sonexsewingmachine.com/about-us/,official manufacturer category page,official,Added,No model-specific clean official image available; no substitute image was used.
SONEX,industrial-machines,SX 335H,SONEX SX 335H,SX 335H,,,,https://sonexnew.sonexsewingmachine.com/about-us/,official manufacturer category page,official,Added,No model-specific clean official image available; no substitute image was used.
SONEX,industrial-machines,SX 341,SONEX SX 341,SX 341,,,,https://sonexnew.sonexsewingmachine.com/about-us/,official manufacturer category page,official,Added,No model-specific clean official image available; no substitute image was used.
SONEX,garment-machinery,SX 373,SONEX SX 373,SX 373,,,,https://sonexnew.sonexsewingmachine.com/about-us/,official manufacturer category page,official,Added,No model-specific clean official image available; no substitute image was used.
SONEX,garment-machinery,SX 430D,SONEX SX 430D,SX 430D,,,,https://sonexnew.sonexsewingmachine.com/about-us/,official manufacturer category page,official,Added,No model-specific clean official image available; no substitute image was used.
SONEX,industrial-machines,SX 4408PMD,SONEX SX 4408PMD,SX 4408PMD,,,,https://sonexnew.sonexsewingmachine.com/about-us/,official manufacturer category page,official,Added,No model-specific clean official image available; no substitute image was used.
SONEX,garment-machinery,SX 6530D,SONEX SX 6530D,SX 6530D,,,,https://sonexnew.sonexsewingmachine.com/about-us/,official manufacturer category page,official,Added,No model-specific clean official image available; no substitute image was used.
SONEX,industrial-machines,SX 664D-35BB-UT,SONEX SX 664D-35BB-UT,SX 664D-35BB-UT,,,,https://sonexnew.sonexsewingmachine.com/about-us/,official manufacturer category page,official,Added,No model-specific clean official image available; no substitute image was used.
SONEX,industrial-machines,SX 6804D/5D,SONEX SX 6804D/5D,SX 6804D/5D,,,,https://sonexnew.sonexsewingmachine.com/about-us/,official manufacturer category page,official,Added,No model-specific clean official image available; no substitute image was used.
SONEX,industrial-machines,SX 720,SONEX SX 720,SX 720,,,,https://sonexnew.sonexsewingmachine.com/about-us/,official manufacturer category page,official,Added,No model-specific clean official image available; no substitute image was used.
SONEX,garment-machinery,SX 781EF,SONEX SX 781EF,SX 781EF,,,,https://sonexnew.sonexsewingmachine.com/about-us/,official manufacturer category page,official,Added,No model-specific clean official image available; no substitute image was used.
SONEX,industrial-machines,SX 786-4D,SONEX SX 786-4D,SX 786-4D,,,,https://sonexnew.sonexsewingmachine.com/about-us/,official manufacturer category page,official,Added,No model-specific clean official image available; no substitute image was used.
SONEX,industrial-machines,SX 786-5D,SONEX SX 786-5D,SX 786-5D,,,,https://sonexnew.sonexsewingmachine.com/about-us/,official manufacturer category page,official,Added,No model-specific clean official image available; no substitute image was used.
SONEX,garment-machinery,SX 818D,SONEX SX 818D,SX 818D,,,,https://sonexnew.sonexsewingmachine.com/about-us/,official manufacturer category page,official,Added,No model-specific clean official image available; no substitute image was used.
SONEX,industrial-machines,SX 8420D/SX 8450D,SONEX SX 8420D/SX 8450D,SX 8420D/SX 8450D,,,,https://sonexnew.sonexsewingmachine.com/about-us/,official manufacturer category page,official,Added,No model-specific clean official image available; no substitute image was used.
SONEX,industrial-machines,SX 8720D,SONEX SX 8720D,SX 8720D,,,,https://sonexnew.sonexsewingmachine.com/about-us/,official manufacturer category page,official,Added,No model-specific clean official image available; no substitute image was used.
SONEX,industrial-machines,SX 8750D,SONEX SX 8750D,SX 8750D,,,,https://sonexnew.sonexsewingmachine.com/about-us/,official manufacturer category page,official,Added,No model-specific clean official image available; no substitute image was used.
SONEX,industrial-machines,SX 8842D,SONEX SX 8842D,SX 8842D,,,,https://sonexnew.sonexsewingmachine.com/about-us/,official manufacturer category page,official,Added,No model-specific clean official image available; no substitute image was used.
SONEX,garment-machinery,SX 9820,SONEX SX 9820,SX 9820,,,,https://sonexnew.sonexsewingmachine.com/about-us/,official manufacturer category page,official,Added,No model-specific clean official image available; no substitute image was used. | No model-specific clean official image available; no substitute image was used.
SONEX,industrial-machines,SX U 1191-7SS,SONEX SX U 1191-7SS,SX U 1191-7SS,,,,https://sonexnew.sonexsewingmachine.com/about-us/,official manufacturer category page,official,Added,No model-specific clean official image available; no substitute image was used.
SONEX,industrial-machines,SX-0303D,SONEX SX-0303D,SX-0303D,,,,https://sonexnew.sonexsewingmachine.com/about-us/,official manufacturer category page,official,Added,No model-specific clean official image available; no substitute image was used.
SONEX,garment-machinery,SX-103-KM,SONEX SX-103-KM,SX-103-KM,,,,https://sonexnew.sonexsewingmachine.com/about-us/,official manufacturer category page,official,Added,No model-specific clean official image available; no substitute image was used.
SONEX,garment-machinery,SX-110S,SONEX SX-110S,SX-110S,,,,https://sonexnew.sonexsewingmachine.com/about-us/,official manufacturer category page,official,Added,No model-specific clean official image available; no substitute image was used.
SONEX,garment-machinery,SX-1302 4W,SONEX SX-1302 4W,SX-1302 4W,,,,https://sonexnew.sonexsewingmachine.com/about-us/,official manufacturer category page,official,Added,No model-specific clean official image available; no substitute image was used.
SONEX,garment-machinery,SX-1302 5W,SONEX SX-1302 5W,SX-1302 5W,,,,https://sonexnew.sonexsewingmachine.com/about-us/,official manufacturer category page,official,Added,No model-specific clean official image available; no substitute image was used.
SONEX,industrial-machines,SX-1412P,SONEX SX-1412P,SX-1412P,,,,https://sonexnew.sonexsewingmachine.com/about-us/,official manufacturer category page,official,Added,No model-specific clean official image available; no substitute image was used.
SONEX,garment-machinery,SX-1508P,SONEX SX-1508P,SX-1508P,,,,https://sonexnew.sonexsewingmachine.com/about-us/,official manufacturer category page,official,Added,No model-specific clean official image available; no substitute image was used.
SONEX,garment-machinery,SX-1850,SONEX SX-1850,SX-1850,,,,https://sonexnew.sonexsewingmachine.com/about-us/,official manufacturer category page,official,Added,No model-specific clean official image available; no substitute image was used.
SONEX,garment-machinery,SX-1900ASS,SONEX SX-1900ASS,SX-1900ASS,,,,https://sonexnew.sonexsewingmachine.com/about-us/,official manufacturer category page,official,Added,No model-specific clean official image available; no substitute image was used.
SONEX,garment-machinery,SX-1903ASS,SONEX SX-1903ASS,SX-1903ASS,,,,https://sonexnew.sonexsewingmachine.com/about-us/,official manufacturer category page,official,Added,No model-specific clean official image available; no substitute image was used.
SONEX,industrial-machines,SX-2000C,SONEX SX-2000C,SX-2000C,,,,https://sonexnew.sonexsewingmachine.com/about-us/,official manufacturer category page,official,Added,No model-specific clean official image available; no substitute image was used.
SONEX,industrial-machines,SX-20518,SONEX SX-20518,SX-20518,,,,https://sonexnew.sonexsewingmachine.com/about-us/,official manufacturer category page,official,Added,No model-specific clean official image available; no substitute image was used.
SONEX,industrial-machines,SX-20528,SONEX SX-20528,SX-20528,,,,https://sonexnew.sonexsewingmachine.com/about-us/,official manufacturer category page,official,Added,No model-specific clean official image available; no substitute image was used.
SONEX,industrial-machines,SX-500D-05,SONEX SX-500D-05,SX-500D-05,,,,https://sonexnew.sonexsewingmachine.com/about-us/,official manufacturer category page,official,Added,No model-specific clean official image available; no substitute image was used.
SONEX,industrial-machines,SX-5200D,SONEX SX-5200D,SX-5200D,,,,https://sonexnew.sonexsewingmachine.com/about-us/,official manufacturer category page,official,Added,No model-specific clean official image available; no substitute image was used.
SONEX,garment-machinery,SX-783,SONEX SX-783,SX-783,,,,https://sonexnew.sonexsewingmachine.com/about-us/,official manufacturer category page,official,Added,No model-specific clean official image available; no substitute image was used.
SONEX,industrial-machines,SX-786-6D,SONEX SX-786-6D,SX-786-6D,,,,https://sonexnew.sonexsewingmachine.com/about-us/,official manufacturer category page,official,Added,No model-specific clean official image available; no substitute image was used.
SONEX,industrial-machines,SX-842-3/5,SONEX SX-842-3/5,SX-842-3/5,,,,https://sonexnew.sonexsewingmachine.com/about-us/,official manufacturer category page,official,Added,No model-specific clean official image available; no substitute image was used.
SONEX,garment-machinery,SX-90DS,SONEX SX-90DS,SX-90DS,,,,https://sonexnew.sonexsewingmachine.com/about-us/,official manufacturer category page,official,Added,No model-specific clean official image available; no substitute image was used.
SONEX,industrial-machines,SX-9100,SONEX SX-9100,SX-9100,,,,https://sonexnew.sonexsewingmachine.com/about-us/,official manufacturer category page,official,Added,No model-specific clean official image available; no substitute image was used.
SONEX,garment-machinery,SX-928 PL,SONEX SX-928 PL,SX-928 PL,,,,https://sonexnew.sonexsewingmachine.com/about-us/,official manufacturer category page,official,Added,No model-specific clean official image available; no substitute image was used.
SONEX,garment-machinery,SX-CZD-3A-EASTMAN,SONEX SX-CZD-3A-EASTMAN,SX-CZD-3A-EASTMAN,,,,https://sonexnew.sonexsewingmachine.com/about-us/,official manufacturer category page,official,Added,No model-specific clean official image available; no substitute image was used.
SONEX,garment-machinery,SX-DB-1,SONEX SX-DB-1,SX-DB-1,,,,https://sonexnew.sonexsewingmachine.com/about-us/,official manufacturer category page,official,Added,No model-specific clean official image available; no substitute image was used.
SONEX,industrial-machines,SX-F007-W122-356,SONEX SX-F007-W122-356,SX-F007-W122-356,,,,https://sonexnew.sonexsewingmachine.com/about-us/,official manufacturer category page,official,Added,No model-specific clean official image available; no substitute image was used.
SONEX,industrial-machines,SX-F858K,SONEX SX-F858K,SX-F858K,,,,https://sonexnew.sonexsewingmachine.com/about-us/,official manufacturer category page,official,Added,No model-specific clean official image available; no substitute image was used.
USHA,overlock-interlock,747E – Direct Drive 2-Needle 4-Thread Overlock,USHA 747E – Direct Drive 2-Needle 4-Thread Overlock Machine,747E – Direct Drive 2-Needle 4-Thread Overlock,,USHA_Overlock_747E-Direct-Drive-2-Needle-4-Thread-Overlock.jpg,/images/product images/usha/overlock/USHA_Overlock_747E-Direct-Drive-2-Needle-4-Thread-Overlock.jpg,https://www.ushasew.com/direct-drive-over-lock-machine-747e/,official product API,official,Added,Official source image is 300px on its long side; preserved without artificial detail generation.
USHA,overlock-interlock,757 – Direct Drive 2-Needle 5-Thread Overlock,USHA 757 – Direct Drive 2-Needle 5-Thread Overlock Machine,757 – Direct Drive 2-Needle 5-Thread Overlock,,USHA_Overlock_757-Direct-Drive-2-Needle-5-Thread-Overlock.jpg,/images/product images/usha/overlock/USHA_Overlock_757-Direct-Drive-2-Needle-5-Thread-Overlock.jpg,https://www.ushasew.com/two-needle-five-thread-direct-drive-over-lock-machine/,official product API,official,Added,Official source image is 900px on its long side; preserved without artificial detail generation.
USHA,domestic-machines,Aayush Composite Hand Operated,USHA Aayush Composite Hand Operated,Aayush Composite Hand Operated,,USHA_Domestic_Aayush-Composite-Hand-Operated.jpg,/images/product images/usha/domestic/USHA_Domestic_Aayush-Composite-Hand-Operated.jpg,https://www.ushasew.com/aayush/,official product API,official,Added,Official source image is 900px on its long side; preserved without artificial detail generation.
USHA,garment-machinery,Allure,USHA Allure,Allure,,USHA_Lockstitch_Allure.jpg,/images/product images/usha/lockstitch/USHA_Lockstitch_Allure.jpg,https://www.ushasew.com/allure/,official product API,official,Added,Official source image is 900px on its long side; preserved without artificial detail generation.
USHA,garment-machinery,Allure DLX Automatic Zig Zag,USHA Allure DLX Automatic Zig Zag Sewing Machine,Allure DLX Automatic Zig Zag,,USHA_Lockstitch_Allure-DLX-Automatic-Zig-Zag.jpg,/images/product images/usha/lockstitch/USHA_Lockstitch_Allure-DLX-Automatic-Zig-Zag.jpg,https://www.ushasew.com/allure-dlx/,official product API,official,Added,Official source image is 900px on its long side; preserved without artificial detail generation.
USHA,domestic-machines,Anand Composite Hand Operated,USHA Anand Composite Hand Operated,Anand Composite Hand Operated,,USHA_Domestic_Anand-Composite-Hand-Operated.jpg,/images/product images/usha/domestic/USHA_Domestic_Anand-Composite-Hand-Operated.jpg,https://www.ushasew.com/anand/,official product API,official,Added,Official source image is 900px on its long side; preserved without artificial detail generation.
USHA,domestic-machines,Anand Composite with PBC,USHA Anand Composite with PBC,Anand Composite with PBC,,USHA_Domestic_Anand-Composite-with-PBC.jpg,/images/product images/usha/domestic/USHA_Domestic_Anand-Composite-with-PBC.jpg,https://www.ushasew.com/anand-composite/,official product API,official,Added,Official source image is 900px on its long side; preserved without artificial detail generation.
USHA,domestic-machines,Anand DLX Composite Hand Operated,USHA Anand DLX Composite Hand Operated,Anand DLX Composite Hand Operated,,USHA_Domestic_Anand-DLX-Composite-Hand-Operated.jpg,/images/product images/usha/domestic/USHA_Domestic_Anand-DLX-Composite-Hand-Operated.jpg,https://www.ushasew.com/anand-dlx/,official product API,official,Added,Official source image is 900px on its long side; preserved without artificial detail generation.
USHA,domestic-machines,Bandhan Composite Hand Operated,USHA Bandhan Composite Hand Operated,Bandhan Composite Hand Operated,,USHA_Domestic_Bandhan-Composite-Hand-Operated.jpg,/images/product images/usha/domestic/USHA_Domestic_Bandhan-Composite-Hand-Operated.jpg,https://www.ushasew.com/bandhan/,official product API,official,Added,Official source image is 900px on its long side; preserved without artificial detail generation.
USHA,domestic-machines,Bandhan Composite with PBC,USHA Bandhan Composite with PBC,Bandhan Composite with PBC,,USHA_Domestic_Bandhan-Composite-with-PBC.jpg,/images/product images/usha/domestic/USHA_Domestic_Bandhan-Composite-with-PBC.jpg,https://www.ushasew.com/bandhan-composite/,official product API,official,Added,Official source image is 900px on its long side; preserved without artificial detail generation.
USHA,domestic-machines,Bandhan DLX Composite Hand Operated,USHA Bandhan DLX Composite Hand Operated,Bandhan DLX Composite Hand Operated,,USHA_Domestic_Bandhan-DLX-Composite-Hand-Operated.jpg,/images/product images/usha/domestic/USHA_Domestic_Bandhan-DLX-Composite-Hand-Operated.jpg,https://www.ushasew.com/bandhan-dlx/,official product API,official,Added,Official source image is 900px on its long side; preserved without artificial detail generation.
USHA,domestic-machines,Bandhan DLX Composite with PBC,USHA Bandhan DLX Composite with PBC,Bandhan DLX Composite with PBC,,USHA_Domestic_Bandhan-DLX-Composite-with-PBC.jpg,/images/product images/usha/domestic/USHA_Domestic_Bandhan-DLX-Composite-with-PBC.jpg,https://www.ushasew.com/bandhan-dlx-composite/,official product API,official,Added,Official source image is 900px on its long side; preserved without artificial detail generation.
USHA,domestic-machines,Butterfly Composite Hand Operated,USHA Butterfly Composite Hand Operated,Butterfly Composite Hand Operated,,USHA_Domestic_Butterfly-Composite-Hand-Operated.jpg,/images/product images/usha/domestic/USHA_Domestic_Butterfly-Composite-Hand-Operated.jpg,https://www.ushasew.com/butterfly/,official product API,official,Added,Official source image is 900px on its long side; preserved without artificial detail generation.
USHA,domestic-machines,Champion Composite Hand Operated,USHA Champion Composite Hand Operated,Champion Composite Hand Operated,,USHA_Domestic_Champion-Composite-Hand-Operated.jpg,/images/product images/usha/domestic/USHA_Domestic_Champion-Composite-Hand-Operated.jpg,https://www.ushasew.com/champion/,official product API,official,Added,Official source image is 900px on its long side; preserved without artificial detail generation.
USHA,garment-machinery,Craft Master Composite Foot With Cast Iron Stand,USHA Craft Master Composite Foot With Cast Iron Stand,Craft Master Composite Foot With Cast Iron Stand,,USHA_Lockstitch_Craft-Master-Composite-Foot-With-Cast-Iron-Stand.jpg,/images/product images/usha/lockstitch/USHA_Lockstitch_Craft-Master-Composite-Foot-With-Cast-Iron-Stand.jpg,https://www.ushasew.com/craft-master/,official product API,official,Added,Official source image is 900px on its long side; preserved without artificial detail generation.
USHA,garment-machinery,Craft Master DLX Composite Foot With Cast Iron Stand,USHA Craft Master DLX Composite Foot With Cast Iron Stand,Craft Master DLX Composite Foot With Cast Iron Stand,,USHA_Lockstitch_Craft-Master-DLX-Composite-Foot-With-Cast-Iron-Stand.jpg,/images/product images/usha/lockstitch/USHA_Lockstitch_Craft-Master-DLX-Composite-Foot-With-Cast-Iron-Stand.jpg,https://www.ushasew.com/craft-master-dlx/,official product API,official,Added,Official source image is 900px on its long side; preserved without artificial detail generation.
USHA,industrial-machines,Design Master Top,USHA Design Master Top,Design Master Top,,USHA_Lockstitch_Design-Master-Top.jpg,/images/product images/usha/lockstitch/USHA_Lockstitch_Design-Master-Top.jpg,https://www.ushasew.com/design-master/,official product API,official,Added,Official source image is 900px on its long side; preserved without artificial detail generation.
USHA,industrial-machines,Leather Stitch Top,USHA Leather Stitch Top,Leather Stitch Top,,USHA_Lockstitch_Leather-Stitch-Top.jpg,/images/product images/usha/lockstitch/USHA_Lockstitch_Leather-Stitch-Top.jpg,https://www.ushasew.com/leather-stitch-master/,official product API,official,Added,Official source image is 900px on its long side; preserved without artificial detail generation.
USHA,domestic-machines,Link DLX Composite Hand Operated,USHA Link DLX Composite Hand Operated,Link DLX Composite Hand Operated,,USHA_Domestic_Link-DLX-Composite-Hand-Operated.jpg,/images/product images/usha/domestic/USHA_Domestic_Link-DLX-Composite-Hand-Operated.jpg,https://www.ushasew.com/link-dlx/,official product API,official,Added,Official source image is 900px on its long side; preserved without artificial detail generation.
USHA,industrial-machines,Lockstitch New Top,USHA Lockstitch New Top,Lockstitch New Top,,USHA_Lockstitch_Lockstitch-New-Top.jpg,/images/product images/usha/lockstitch/USHA_Lockstitch_Lockstitch-New-Top.jpg,https://www.ushasew.com/lockstitch/,official product API,official,Added,Official source image is 900px on its long side; preserved without artificial detail generation.
USHA,industrial-machines,Magic Master Top,USHA Magic Master Top,Magic Master Top,,USHA_Lockstitch_Magic-Master-Top.jpg,/images/product images/usha/lockstitch/USHA_Lockstitch_Magic-Master-Top.jpg,https://www.ushasew.com/magic-master/,official product API,official,Added,Official source image is 900px on its long side; preserved without artificial detail generation.
USHA,garment-machinery,Memory Craft 450E with Digitizer Jr – Computerized Embroidery,USHA Memory Craft 450E with Digitizer Jr – Computerized Embroidery Machine,Memory Craft 450E with Digitizer Jr – Computerized Embroidery,,USHA_Lockstitch_Memory-Craft-450E-with-Digitizer-Jr-Computerized-Embroidery.jpg,/images/product images/usha/lockstitch/USHA_Lockstitch_Memory-Craft-450E-with-Digitizer-Jr-Computerized-Embroidery.jpg,https://www.ushasew.com/memory-craft-450e-with-digitizer-jr/,official product API,official,Added,Official source image is 600px on its long side; preserved without artificial detail generation.
USHA,industrial-machines,Quick Stitch Top with Usha Hook,USHA Quick Stitch Top with Usha Hook,Quick Stitch Top with Usha Hook,,USHA_Lockstitch_Quick-Stitch-Top-with-Usha-Hook.jpg,/images/product images/usha/lockstitch/USHA_Lockstitch_Quick-Stitch-Top-with-Usha-Hook.jpg,https://www.ushasew.com/quick-stitch-with-usha-hook/,official product API,official,Added,Official source image is 900px on its long side; preserved without artificial detail generation.
USHA,domestic-machines,Roopa Family Composite Hand Operated,USHA Roopa Family Composite Hand Operated,Roopa Family Composite Hand Operated,,USHA_Domestic_Roopa-Family-Composite-Hand-Operated.jpg,/images/product images/usha/domestic/USHA_Domestic_Roopa-Family-Composite-Hand-Operated.jpg,https://www.ushasew.com/roopa-family/,official product API,official,Added,Official source image is 900px on its long side; preserved without artificial detail generation.
USHA,industrial-machines,Rotary Stitch Master Pro Top With Usha Hook,USHA Rotary Stitch Master Pro Top With Usha Hook,Rotary Stitch Master Pro Top With Usha Hook,,USHA_Lockstitch_Rotary-Stitch-Master-Pro-Top-With-Usha-Hook.jpg,/images/product images/usha/lockstitch/USHA_Lockstitch_Rotary-Stitch-Master-Pro-Top-With-Usha-Hook.jpg,https://www.ushasew.com/rsm-pro-with-usha-hook-head/,official product API,official,Added,Official source image is 600px on its long side; preserved without artificial detail generation.
USHA,industrial-machines,Rotary Stitch Master Top with Usha Hook,USHA Rotary Stitch Master Top with Usha Hook,Rotary Stitch Master Top with Usha Hook,,USHA_Lockstitch_Rotary-Stitch-Master-Top-with-Usha-Hook.jpg,/images/product images/usha/lockstitch/USHA_Lockstitch_Rotary-Stitch-Master-Top-with-Usha-Hook.jpg,https://www.ushasew.com/rotary-stitch-master-with-usha-hook/,official product API,official,Added,Official source image is 900px on its long side; preserved without artificial detail generation.
USHA,industrial-machines,S2 – Direct Drive Single Needle Lockstitch High Speed,USHA S2 – Direct Drive Single Needle Lockstitch High Speed Machine,S2 – Direct Drive Single Needle Lockstitch High Speed,,USHA_Lockstitch_S2-Direct-Drive-Single-Needle-Lockstitch-High-Speed.jpg,/images/product images/usha/lockstitch/USHA_Lockstitch_S2-Direct-Drive-Single-Needle-Lockstitch-High-Speed.jpg,https://www.ushasew.com/direct-drive-single-needle-lock-stitch-w-o-trimmer-s2/,official product API,official,Added,Official source image is 600px on its long side; preserved without artificial detail generation.
USHA,industrial-machines,S2B – Direct Drive Single Needle Lockstitch High Speed Machine With Large Hook,USHA S2B – Direct Drive Single Needle Lockstitch High Speed Machine With Large Hook,S2B – Direct Drive Single Needle Lockstitch High Speed Machine With Large Hook,,USHA_Lockstitch_S2B-Direct-Drive-Single-Needle-Lockstitch-High-Speed-Machine-With-Large-Hook.jpg,/images/product images/usha/lockstitch/USHA_Lockstitch_S2B-Direct-Drive-Single-Needle-Lockstitch-High-Speed-Machine-With-Large-Hook.jpg,https://www.ushasew.com/single-needle-lock-stitch-direct-drive-machine-with-ubt/,official product API,official,Added,Official source image is 900px on its long side; preserved without artificial detail generation.
USHA,industrial-machines,S2E1 – Direct Drive Single Needle Lockstitch High Speed Machine With Trimmer,USHA S2E1 – Direct Drive Single Needle Lockstitch High Speed Machine With Trimmer,S2E1 – Direct Drive Single Needle Lockstitch High Speed Machine With Trimmer,,USHA_Lockstitch_S2E1-Direct-Drive-Single-Needle-Lockstitch-High-Speed-Machine-With-Trimmer.jpg,/images/product images/usha/lockstitch/USHA_Lockstitch_S2E1-Direct-Drive-Single-Needle-Lockstitch-High-Speed-Machine-With-Trimmer.jpg,https://www.ushasew.com/single-needle-lock-stitch-direct-drive-machine-with-large-hook/,official product API,official,Added,Official source image is 900px on its long side; preserved without artificial detail generation.
USHA,domestic-machines,6700 P,USHA Sewing Machine 6700 P,6700 P,,USHA_Domestic_6700-P.jpg,/images/product images/usha/domestic/USHA_Domestic_6700-P.jpg,https://www.ushasew.com/6700-p/,official product API,official,Added,Official source image is 600px on its long side; preserved without artificial detail generation.
USHA,garment-machinery,DESIGN CRAFT,USHA Sewing Machine DESIGN CRAFT,DESIGN CRAFT,,USHA_Lockstitch_DESIGN-CRAFT.jpg,/images/product images/usha/lockstitch/USHA_Lockstitch_DESIGN-CRAFT.jpg,https://www.ushasew.com/design-craft/,official product API,official,Added,Official source image is 601px on its long side; preserved without artificial detail generation.
USHA,garment-machinery,Dream Maker 120,USHA Sewing Machine Dream Maker 120,Dream Maker 120,,USHA_Lockstitch_Dream-Maker-120.jpg,/images/product images/usha/lockstitch/USHA_Lockstitch_Dream-Maker-120.jpg,https://www.ushasew.com/dream-maker-120/,official product API,official,Added,Official source image is 900px on its long side; preserved without artificial detail generation.
USHA,garment-machinery,Dream Stitch,USHA Sewing Machine Dream Stitch,Dream Stitch,,USHA_Lockstitch_Dream-Stitch.jpg,/images/product images/usha/lockstitch/USHA_Lockstitch_Dream-Stitch.jpg,https://www.ushasew.com/dream-stitch/,official product API,official,Added,Official source image is 900px on its long side; preserved without artificial detail generation.
USHA,garment-machinery,Excella DLX,USHA Sewing Machine Excella DLX,Excella DLX,,USHA_Lockstitch_Excella-DLX.jpg,/images/product images/usha/lockstitch/USHA_Lockstitch_Excella-DLX.jpg,https://www.ushasew.com/excella-dlx/,official product API,official,Added,Official source image is 900px on its long side; preserved without artificial detail generation.
USHA,industrial-machines,Foot Accessories 0.65 cm Seam Foot,USHA Sewing Machine Foot Accessories 0.65 cm Seam Foot,Foot Accessories 0.65 cm Seam Foot,,USHA_Lockstitch_Foot-Accessories-0.65-cm-Seam-Foot.jpg,/images/product images/usha/lockstitch/USHA_Lockstitch_Foot-Accessories-0.65-cm-Seam-Foot.jpg,https://www.ushasew.com/0-65-cm-seam-foot/,official product API,official,Added,Official source image is 900px on its long side; preserved without artificial detail generation.
USHA,industrial-machines,Foot Accessories 3 Way Cording Foot,USHA Sewing Machine Foot Accessories 3 Way Cording Foot,Foot Accessories 3 Way Cording Foot,,USHA_Lockstitch_Foot-Accessories-3-Way-Cording-Foot.jpg,/images/product images/usha/lockstitch/USHA_Lockstitch_Foot-Accessories-3-Way-Cording-Foot.jpg,https://www.ushasew.com/3-way-cording-foot/,official product API,official,Added,Official source image is 900px on its long side; preserved without artificial detail generation.
USHA,industrial-machines,Foot Accessories Beading Foot,USHA Sewing Machine Foot Accessories Beading Foot,Foot Accessories Beading Foot,,USHA_Lockstitch_Foot-Accessories-Beading-Foot.jpg,/images/product images/usha/lockstitch/USHA_Lockstitch_Foot-Accessories-Beading-Foot.jpg,https://www.ushasew.com/beading-foot/,official product API,official,Added,Official source image is 900px on its long side; preserved without artificial detail generation.
USHA,industrial-machines,Foot Accessories Binder Foot,USHA Sewing Machine Foot Accessories Binder Foot,Foot Accessories Binder Foot,,USHA_Lockstitch_Foot-Accessories-Binder-Foot.jpg,/images/product images/usha/lockstitch/USHA_Lockstitch_Foot-Accessories-Binder-Foot.jpg,https://www.ushasew.com/binder-foot/,official product API,official,Added,Official source image is 900px on its long side; preserved without artificial detail generation.
USHA,industrial-machines,Foot Accessories Darning Foot,USHA Sewing Machine Foot Accessories Darning Foot,Foot Accessories Darning Foot,,USHA_Lockstitch_Foot-Accessories-Darning-Foot.jpg,/images/product images/usha/lockstitch/USHA_Lockstitch_Foot-Accessories-Darning-Foot.jpg,https://www.ushasew.com/darning-foot/,official product API,official,Added,Official source image is 900px on its long side; preserved without artificial detail generation.
USHA,industrial-machines,Foot Accessories Gathering Foot,USHA Sewing Machine Foot Accessories Gathering Foot,Foot Accessories Gathering Foot,,USHA_Lockstitch_Foot-Accessories-Gathering-Foot.jpg,/images/product images/usha/lockstitch/USHA_Lockstitch_Foot-Accessories-Gathering-Foot.jpg,https://www.ushasew.com/gathering-foot/,official product API,official,Added,Official source image is 900px on its long side; preserved without artificial detail generation.
USHA,industrial-machines,Foot Accessories Pin Tucking foot,USHA Sewing Machine Foot Accessories Pin Tucking foot,Foot Accessories Pin Tucking foot,,USHA_Lockstitch_Foot-Accessories-Pin-Tucking-foot.jpg,/images/product images/usha/lockstitch/USHA_Lockstitch_Foot-Accessories-Pin-Tucking-foot.jpg,https://www.ushasew.com/pintucking-foot/,official product API,official,Added,Official source image is 900px on its long side; preserved without artificial detail generation.
USHA,industrial-machines,Foot Accessories Piping Foot,USHA Sewing Machine Foot Accessories Piping Foot,Foot Accessories Piping Foot,,USHA_Lockstitch_Foot-Accessories-Piping-Foot.jpg,/images/product images/usha/lockstitch/USHA_Lockstitch_Foot-Accessories-Piping-Foot.jpg,https://www.ushasew.com/piping-foot/,official product API,official,Added,Official source image is 900px on its long side; preserved without artificial detail generation.
USHA,industrial-machines,Foot Accessories Ribbon/Sequin Foot,USHA Sewing Machine Foot Accessories Ribbon/Sequin Foot,Foot Accessories Ribbon/Sequin Foot,,USHA_Lockstitch_Foot-Accessories-Ribbon-Sequin-Foot.jpg,/images/product images/usha/lockstitch/USHA_Lockstitch_Foot-Accessories-Ribbon-Sequin-Foot.jpg,https://www.ushasew.com/ribbon-sequin-foot/,official product API,official,Added,Official source image is 900px on its long side; preserved without artificial detail generation.
USHA,industrial-machines,Foot Accessories Ruffler Foot,USHA Sewing Machine Foot Accessories Ruffler Foot,Foot Accessories Ruffler Foot,,USHA_Lockstitch_Foot-Accessories-Ruffler-Foot.jpg,/images/product images/usha/lockstitch/USHA_Lockstitch_Foot-Accessories-Ruffler-Foot.jpg,https://www.ushasew.com/ruffler-foot/,official product API,official,Added,Official source image is 900px on its long side; preserved without artificial detail generation.
USHA,garment-machinery,Marvela,USHA Sewing Machine Marvela,Marvela,,USHA_Lockstitch_Marvela.jpg,/images/product images/usha/lockstitch/USHA_Lockstitch_Marvela.jpg,https://www.ushasew.com/marvela/,official product API,official,Added,Official source image is 900px on its long side; preserved without artificial detail generation.
USHA,domestic-machines,MB 7E with Artistic Digitizer Full Version,USHA Sewing Machine MB 7E with Artistic Digitizer Full Version,MB 7E with Artistic Digitizer Full Version,,USHA_Domestic_MB-7E-with-Artistic-Digitizer-Full-Version.jpg,/images/product images/usha/domestic/USHA_Domestic_MB-7E-with-Artistic-Digitizer-Full-Version.jpg,https://www.ushasew.com/mb-7e/,official product API,official,Added,Official source image is 600px on its long side; preserved without artificial detail generation.
USHA,domestic-machines,MC 550 E with Artistic Digitizer Jr,USHA Sewing Machine MC 550 E with Artistic Digitizer Jr,MC 550 E with Artistic Digitizer Jr,,USHA_Domestic_MC-550-E-with-Artistic-Digitizer-Jr.jpg,/images/product images/usha/domestic/USHA_Domestic_MC-550-E-with-Artistic-Digitizer-Jr.jpg,https://www.ushasew.com/mc-550-e-with-artistic-digitizer-jr/,official product API,official,Added,Official source image is 600px on its long side; preserved without artificial detail generation.
USHA,domestic-machines,MC 8200 QCP SE,USHA Sewing Machine MC 8200 QCP SE,MC 8200 QCP SE,,USHA_Domestic_MC-8200-QCP-SE.jpg,/images/product images/usha/domestic/USHA_Domestic_MC-8200-QCP-SE.jpg,https://www.ushasew.com/mc-8200-qcp-se/,official product API,official,Added,Official source image is 600px on its long side; preserved without artificial detail generation.
USHA,domestic-machines,MC 9850 with Artistic Digitizer Full Version,USHA Sewing Machine MC 9850 with Artistic Digitizer Full Version,MC 9850 with Artistic Digitizer Full Version,,USHA_Domestic_MC-9850-with-Artistic-Digitizer-Full-Version.jpg,/images/product images/usha/domestic/USHA_Domestic_MC-9850-with-Artistic-Digitizer-Full-Version.jpg,https://www.ushasew.com/mc-9850-with-artistic-digitizer/,official product API,official,Added,Official source image is 600px on its long side; preserved without artificial detail generation.
USHA,domestic-machines,Memory Craft 15000 with Artistic Digitizer Full Version,USHA Sewing Machine Memory Craft 15000 with Artistic Digitizer Full Version,Memory Craft 15000 with Artistic Digitizer Full Version,,USHA_Domestic_Memory-Craft-15000-with-Artistic-Digitizer-Full-Version.jpg,/images/product images/usha/domestic/USHA_Domestic_Memory-Craft-15000-with-Artistic-Digitizer-Full-Version.jpg,https://www.ushasew.com/memory-craft-15000-with-digitizer-mbx/,official product API,official,Added,Official source image is 900px on its long side; preserved without artificial detail generation.
USHA,garment-machinery,My Fab Barbie,USHA Sewing Machine My Fab Barbie,My Fab Barbie,,USHA_Lockstitch_My-Fab-Barbie.jpg,/images/product images/usha/lockstitch/USHA_Lockstitch_My-Fab-Barbie.jpg,https://www.ushasew.com/my-fab-barbie/,official product API,official,Added,Official source image is 900px on its long side; preserved without artificial detail generation.
USHA,garment-machinery,Mystique,USHA Sewing Machine Mystique,Mystique,,USHA_Lockstitch_Mystique.jpg,/images/product images/usha/lockstitch/USHA_Lockstitch_Mystique.jpg,https://www.ushasew.com/mystique/,official product API,official,Added,Official image converted to sRGB JPEG.
USHA,garment-machinery,QUILT MAGIC,USHA Sewing Machine QUILT MAGIC,QUILT MAGIC,,USHA_Lockstitch_QUILT-MAGIC.jpg,/images/product images/usha/lockstitch/USHA_Lockstitch_QUILT-MAGIC.jpg,https://www.ushasew.com/quilt-magic/,official product API,official,Added,Official source image is 900px on its long side; preserved without artificial detail generation.
USHA,garment-machinery,SEW MAGIC,USHA Sewing Machine SEW MAGIC,SEW MAGIC,,USHA_Lockstitch_SEW-MAGIC.jpg,/images/product images/usha/lockstitch/USHA_Lockstitch_SEW-MAGIC.jpg,https://www.ushasew.com/sew-magic/,official product API,official,Added,Official image converted to sRGB JPEG.
USHA,domestic-machines,Skyline S9 with Artistic Digitizer Full Version,USHA Sewing Machine Skyline S9 with Artistic Digitizer Full Version,Skyline S9 with Artistic Digitizer Full Version,,USHA_Domestic_Skyline-S9-with-Artistic-Digitizer-Full-Version.jpg,/images/product images/usha/domestic/USHA_Domestic_Skyline-S9-with-Artistic-Digitizer-Full-Version.jpg,https://www.ushasew.com/skyline-s9-with-artistic-digitizer/,official product API,official,Added,Official source image is 600px on its long side; preserved without artificial detail generation.
USHA,garment-machinery,STELLA,USHA Sewing Machine STELLA,STELLA,,USHA_Lockstitch_STELLA.jpg,/images/product images/usha/lockstitch/USHA_Lockstitch_STELLA.jpg,https://www.ushasew.com/stella/,official product API,official,Added,Official image converted to sRGB JPEG.
USHA,garment-machinery,Stitch Magic,USHA Sewing Machine Stitch Magic,Stitch Magic,,USHA_Lockstitch_Stitch-Magic.jpg,/images/product images/usha/lockstitch/USHA_Lockstitch_Stitch-Magic.jpg,https://www.ushasew.com/stitch-magic/,official product API,official,Added,Official source image is 900px on its long side; preserved without artificial detail generation.
USHA,garment-machinery,Stitch Queen With Motor,USHA Sewing Machine Stitch Queen With Motor,Stitch Queen With Motor,,USHA_Motor_Stitch-Queen-With-Motor.jpg,/images/product images/usha/motor/USHA_Motor_Stitch-Queen-With-Motor.jpg,https://www.ushasew.com/stitch-queen/,official product API,official,Added,Official source image is 900px on its long side; preserved without artificial detail generation.
USHA,garment-machinery,Wonder Stitch,USHA Sewing Machine Wonder Stitch,Wonder Stitch,,USHA_Lockstitch_Wonder-Stitch.jpg,/images/product images/usha/lockstitch/USHA_Lockstitch_Wonder-Stitch.jpg,https://www.ushasew.com/wonder-stitch/,official product API,official,Added,Official source image is 1000px on its long side; preserved without artificial detail generation.
USHA,garment-machinery,Wonder Stitch Plus,USHA Sewing Machine Wonder Stitch Plus,Wonder Stitch Plus,,USHA_Lockstitch_Wonder-Stitch-Plus.jpg,/images/product images/usha/lockstitch/USHA_Lockstitch_Wonder-Stitch-Plus.jpg,https://www.ushasew.com/wonder-stitch-plus/,official product API,official,Added,Official source image is 900px on its long side; preserved without artificial detail generation.
USHA,domestic-machines,Streamlined Composite Hand Operated,USHA Streamlined Composite Hand Operated,Streamlined Composite Hand Operated,,USHA_Domestic_Streamlined-Composite-Hand-Operated.jpg,/images/product images/usha/domestic/USHA_Domestic_Streamlined-Composite-Hand-Operated.jpg,https://www.ushasew.com/streamlined/,official product API,official,Added,Official source image is 900px on its long side; preserved without artificial detail generation.
USHA,garment-machinery,Style Stitch Automatic Zig Zag,USHA Style Stitch Automatic Zig Zag Sewing Machine,Style Stitch Automatic Zig Zag,,USHA_Lockstitch_Style-Stitch-Automatic-Zig-Zag.jpg,/images/product images/usha/lockstitch/USHA_Lockstitch_Style-Stitch-Automatic-Zig-Zag.jpg,https://www.ushasew.com/style-stitch/,official product API,official,Added,Official image converted to sRGB JPEG.
USHA,domestic-machines,Tailor DLX Cherry Brown Composite Hand Operated,USHA Tailor DLX Cherry Brown Composite Hand Operated,Tailor DLX Cherry Brown Composite Hand Operated,,USHA_Domestic_Tailor-DLX-Cherry-Brown-Composite-Hand-Operated.jpg,/images/product images/usha/domestic/USHA_Domestic_Tailor-DLX-Cherry-Brown-Composite-Hand-Operated.jpg,https://www.ushasew.com/cherry-brown/,official product API,official,Added,Official source image is 900px on its long side; preserved without artificial detail generation.
USHA,domestic-machines,Tailor DLX Cherry Red Composite Hand Operated,USHA Tailor DLX Cherry Red Composite Hand Operated,Tailor DLX Cherry Red Composite Hand Operated,,USHA_Domestic_Tailor-DLX-Cherry-Red-Composite-Hand-Operated.jpg,/images/product images/usha/domestic/USHA_Domestic_Tailor-DLX-Cherry-Red-Composite-Hand-Operated.jpg,https://www.ushasew.com/cherry-red/,official product API,official,Added,Official source image is 900px on its long side; preserved without artificial detail generation.
USHA,domestic-machines,Tailor DLX Composite Hand Operated,USHA Tailor DLX Composite Hand Operated,Tailor DLX Composite Hand Operated,,USHA_Domestic_Tailor-DLX-Composite-Hand-Operated.jpg,/images/product images/usha/domestic/USHA_Domestic_Tailor-DLX-Composite-Hand-Operated.jpg,https://www.ushasew.com/tailor-dlx/,official product API,official,Added,Official source image is 900px on its long side; preserved without artificial detail generation.
USHA,domestic-machines,Tailor DLX Golden Silver Composite Hand Operated,USHA Tailor DLX Golden Silver Composite Hand Operated,Tailor DLX Golden Silver Composite Hand Operated,,USHA_Domestic_Tailor-DLX-Golden-Silver-Composite-Hand-Operated.jpg,/images/product images/usha/domestic/USHA_Domestic_Tailor-DLX-Golden-Silver-Composite-Hand-Operated.jpg,https://www.ushasew.com/golden-silver/,official product API,official,Added,Official source image is 900px on its long side; preserved without artificial detail generation.
USHA,domestic-machines,Tailor DLX Metallic Brown Composite Hand Operated,USHA Tailor DLX Metallic Brown Composite Hand Operated,Tailor DLX Metallic Brown Composite Hand Operated,,USHA_Domestic_Tailor-DLX-Metallic-Brown-Composite-Hand-Operated.jpg,/images/product images/usha/domestic/USHA_Domestic_Tailor-DLX-Metallic-Brown-Composite-Hand-Operated.jpg,https://www.ushasew.com/brown-metallic/,official product API,official,Added,Official source image is 900px on its long side; preserved without artificial detail generation.
USHA,domestic-machines,Tailor DLX Pacific Blue Composite Hand Operated,USHA Tailor DLX Pacific Blue Composite Hand Operated,Tailor DLX Pacific Blue Composite Hand Operated,,USHA_Domestic_Tailor-DLX-Pacific-Blue-Composite-Hand-Operated.jpg,/images/product images/usha/domestic/USHA_Domestic_Tailor-DLX-Pacific-Blue-Composite-Hand-Operated.jpg,https://www.ushasew.com/pacific-blue/,official product API,official,Added,Official source image is 900px on its long side; preserved without artificial detail generation.
USHA,domestic-machines,Tailor Super DLX Composite Hand Operated,USHA Tailor Super DLX Composite Hand Operated,Tailor Super DLX Composite Hand Operated,,USHA_Domestic_Tailor-Super-DLX-Composite-Hand-Operated.jpg,/images/product images/usha/domestic/USHA_Domestic_Tailor-Super-DLX-Composite-Hand-Operated.jpg,https://www.ushasew.com/tailor-super-deluxe/,official product API,official,Added,Official source image is 900px on its long side; preserved without artificial detail generation.
USHA,domestic-machines,Tailor Supreme Composite Hand Operated,USHA Tailor Supreme Composite Hand Operated,Tailor Supreme Composite Hand Operated,,USHA_Domestic_Tailor-Supreme-Composite-Hand-Operated.jpg,/images/product images/usha/domestic/USHA_Domestic_Tailor-Supreme-Composite-Hand-Operated.jpg,https://www.ushasew.com/tailor-supreme/,official product API,official,Added,Official source image is 900px on its long side; preserved without artificial detail generation.
USHA,domestic-machines,Umang Composite Hand Operated,USHA Umang Composite Hand Operated,Umang Composite Hand Operated,,USHA_Domestic_Umang-Composite-Hand-Operated.jpg,/images/product images/usha/domestic/USHA_Domestic_Umang-Composite-Hand-Operated.jpg,https://www.ushasew.com/umang/,official product API,official,Added,Official source image is 900px on its long side; preserved without artificial detail generation.
USHA,domestic-machines,Umang Composite with PBC,USHA Umang Composite with PBC,Umang Composite with PBC,,USHA_Domestic_Umang-Composite-with-PBC.jpg,/images/product images/usha/domestic/USHA_Domestic_Umang-Composite-with-PBC.jpg,https://www.ushasew.com/umang-composite/,official product API,official,Added,Official source image is 900px on its long side; preserved without artificial detail generation.
ZOJE,industrial-machines,A0323,ZOJE A0323-CT-D4 Heavy Duty,A0323-CT-D4,A0323-CT-D4,,,https://www.zoje.com/products/heavy/A0323.html,official product page,official,Added,Reused an identical processed official image. | Removed an unmatched global source graphic; a model-specific official image was not available for safe assignment.
ZOJE,industrial-machines,A0323,ZOJE A0323-CT-L_-D4 Heavy Duty,A0323-CT-L_-D4,A0323-CT-L_-D4,,,https://www.zoje.com/products/heavy/A0323.html,official product page,official,Added,Reused an identical processed official image. | Removed an unmatched global source graphic; a model-specific official image was not available for safe assignment.
ZOJE,industrial-machines,A0323,ZOJE A0323-CX-D4 Heavy Duty,A0323-CX-D4,A0323-CX-D4,,,https://www.zoje.com/products/heavy/A0323.html,official product page,official,Added,Reused an identical processed official image. | Removed an unmatched global source graphic; a model-specific official image was not available for safe assignment.
ZOJE,industrial-machines,A0323,ZOJE A0323-CX-L_-D4 Heavy Duty,A0323-CX-L_-D4,A0323-CX-L_-D4,,,https://www.zoje.com/products/heavy/A0323.html,official product page,official,Added,Reused an identical processed official image. | Removed an unmatched global source graphic; a model-specific official image was not available for safe assignment.
ZOJE,industrial-machines,A0323,ZOJE A0323-M-D4 Heavy Duty,A0323-M-D4,A0323-M-D4,,,https://www.zoje.com/products/heavy/A0323.html,official product page,official,Added,Reused an identical processed official image. | Reused an identical processed official image. | Removed an unmatched global source graphic; a model-specific official image was not available for safe assignment.
ZOJE,industrial-machines,A5400,ZOJE A5400 Lockstitch,A5400,,,,https://www.zoje.com/products/straight/A5400.html,official product page,official,Added,Reused an identical processed official image. | Removed an unmatched global source graphic; a model-specific official image was not available for safe assignment.
ZOJE,industrial-machines,A5400,ZOJE A5400-B Lockstitch,A5400-B,A5400-B,,,https://www.zoje.com/products/straight/A5400.html,official product page,official,Added,Reused an identical processed official image. | Removed an unmatched global source graphic; a model-specific official image was not available for safe assignment.
ZOJE,industrial-machines,A5400,ZOJE A5400-B-B1 Lockstitch,A5400-B-B1,A5400-B-B1,,,https://www.zoje.com/products/straight/A5400.html,official product page,official,Added,Reused an identical processed official image. | Removed an unmatched global source graphic; a model-specific official image was not available for safe assignment.
ZOJE,industrial-machines,A5400,ZOJE A5400-D2 Lockstitch,A5400-D2,A5400-D2,,,https://www.zoje.com/products/straight/A5400.html,official product page,official,Added,Reused an identical processed official image. | Removed an unmatched global source graphic; a model-specific official image was not available for safe assignment.
ZOJE,industrial-machines,A5400,ZOJE A5400-D4 Lockstitch,A5400-D4,A5400-D4,,,https://www.zoje.com/products/straight/A5400.html,official product page,official,Added,Reused an identical processed official image. | Removed an unmatched global source graphic; a model-specific official image was not available for safe assignment.
ZOJE,industrial-machines,A5410,ZOJE A5410-D4 Lockstitch,A5410-D4,A5410-D4,ZOJE_Lockstitch_A5410.jpg,/images/product images/zoje/lockstitch/ZOJE_Lockstitch_A5410.jpg,https://www.zoje.com/products/straight/A5410.html,official product page,official,Added,Official image converted to sRGB JPEG.
ZOJE,industrial-machines,A5410,ZOJE A5410-D4-G Lockstitch,A5410-D4-G,A5410-D4-G,ZOJE_Lockstitch_A5410.jpg,/images/product images/zoje/lockstitch/ZOJE_Lockstitch_A5410.jpg,https://www.zoje.com/products/straight/A5410.html,official product page,official,Added,Official image converted to sRGB JPEG.
ZOJE,industrial-machines,A5490L,ZOJE A5490L Lockstitch,A5490L,,,,https://www.zoje.com/products/straight/A5490L.html,official product page,official,Added,Reused an identical processed official image. | Reused an identical processed official image. | Removed an unmatched global source graphic; a model-specific official image was not available for safe assignment.
ZOJE,industrial-machines,A5490L,ZOJE A5490L-CP Lockstitch,A5490L-CP,A5490L-CP,,,https://www.zoje.com/products/straight/A5490L.html,official product page,official,Added,Reused an identical processed official image. | Reused an identical processed official image. | Removed an unmatched global source graphic; a model-specific official image was not available for safe assignment.
ZOJE,industrial-machines,A6000,ZOJE A6000- 5G Lockstitch,A6000- 5G,A6000- 5G,,,https://www.zoje.com/products/straight/A6000.html,official product page,official,Added,Reused an identical processed official image. | Removed an unmatched global source graphic; a model-specific official image was not available for safe assignment.
ZOJE,industrial-machines,A6000,ZOJE A6000- 5G- S7 Lockstitch,A6000- 5G- S7,A6000- 5G- S7,,,https://www.zoje.com/products/straight/A6000.html,official product page,official,Added,Reused an identical processed official image. | Removed an unmatched global source graphic; a model-specific official image was not available for safe assignment.
ZOJE,industrial-machines,A6000,ZOJE A6000- D- 5G Lockstitch,A6000- D- 5G,A6000- D- 5G,,,https://www.zoje.com/products/straight/A6000.html,official product page,official,Added,Reused an identical processed official image. | Removed an unmatched global source graphic; a model-specific official image was not available for safe assignment.
ZOJE,industrial-machines,A6000,ZOJE A6000- D- 5G- S7 Lockstitch,A6000- D- 5G- S7,A6000- D- 5G- S7,,,https://www.zoje.com/products/straight/A6000.html,official product page,official,Added,Reused an identical processed official image. | Removed an unmatched global source graphic; a model-specific official image was not available for safe assignment.
ZOJE,industrial-machines,A6000,ZOJE A6000- D- G Lockstitch,A6000- D- G,A6000- D- G,,,https://www.zoje.com/products/straight/A6000.html,official product page,official,Added,Reused an identical processed official image. | Removed an unmatched global source graphic; a model-specific official image was not available for safe assignment.
ZOJE,industrial-machines,A6000,ZOJE A6000- D- HG Lockstitch,A6000- D- HG,A6000- D- HG,,,https://www.zoje.com/products/straight/A6000.html,official product page,official,Added,Reused an identical processed official image. | Removed an unmatched global source graphic; a model-specific official image was not available for safe assignment.
ZOJE,industrial-machines,A6000,ZOJE A6000- G Lockstitch,A6000- G,A6000- G,,,https://www.zoje.com/products/straight/A6000.html,official product page,official,Added,Reused an identical processed official image. | Removed an unmatched global source graphic; a model-specific official image was not available for safe assignment.
ZOJE,industrial-machines,A6000,ZOJE A6000- G- S7 Lockstitch,A6000- G- S7,A6000- G- S7,,,https://www.zoje.com/products/straight/A6000.html,official product page,official,Added,Reused an identical processed official image. | Removed an unmatched global source graphic; a model-specific official image was not available for safe assignment.
ZOJE,industrial-machines,A6000,ZOJE A6000- HG Lockstitch,A6000- HG,A6000- HG,,,https://www.zoje.com/products/straight/A6000.html,official product page,official,Added,Reused an identical processed official image. | Removed an unmatched global source graphic; a model-specific official image was not available for safe assignment.
ZOJE,industrial-machines,A6000P,ZOJE A6000P- 5G Lockstitch,A6000P- 5G,A6000P- 5G,ZOJE_Lockstitch_A6000P.jpg,/images/product images/zoje/lockstitch/ZOJE_Lockstitch_A6000P.jpg,https://www.zoje.com/products/straight/A6000P.html,official product page,official,Added,Official image converted to sRGB JPEG.
ZOJE,industrial-machines,A6000P,ZOJE A6000P- D- 5G Lockstitch,A6000P- D- 5G,A6000P- D- 5G,ZOJE_Lockstitch_A6000P.jpg,/images/product images/zoje/lockstitch/ZOJE_Lockstitch_A6000P.jpg,https://www.zoje.com/products/straight/A6000P.html,official product page,official,Added,Official image converted to sRGB JPEG.
ZOJE,industrial-machines,A6000P,ZOJE A6000P- D- 5G- S7 Lockstitch,A6000P- D- 5G- S7,A6000P- D- 5G- S7,ZOJE_Lockstitch_A6000P.jpg,/images/product images/zoje/lockstitch/ZOJE_Lockstitch_A6000P.jpg,https://www.zoje.com/products/straight/A6000P.html,official product page,official,Added,Official image converted to sRGB JPEG.
ZOJE,industrial-machines,A6000P,ZOJE A6000P- D- G Lockstitch,A6000P- D- G,A6000P- D- G,ZOJE_Lockstitch_A6000P.jpg,/images/product images/zoje/lockstitch/ZOJE_Lockstitch_A6000P.jpg,https://www.zoje.com/products/straight/A6000P.html,official product page,official,Added,Official image converted to sRGB JPEG.
ZOJE,industrial-machines,A6000P,ZOJE A6000P- D- G- S7 Lockstitch,A6000P- D- G- S7,A6000P- D- G- S7,ZOJE_Lockstitch_A6000P.jpg,/images/product images/zoje/lockstitch/ZOJE_Lockstitch_A6000P.jpg,https://www.zoje.com/products/straight/A6000P.html,official product page,official,Added,Official image converted to sRGB JPEG.
ZOJE,industrial-machines,A6000P,ZOJE A6000P- D- HG Lockstitch,A6000P- D- HG,A6000P- D- HG,ZOJE_Lockstitch_A6000P.jpg,/images/product images/zoje/lockstitch/ZOJE_Lockstitch_A6000P.jpg,https://www.zoje.com/products/straight/A6000P.html,official product page,official,Added,Official image converted to sRGB JPEG.
ZOJE,industrial-machines,A6000P,ZOJE A6000P- G Lockstitch,A6000P- G,A6000P- G,ZOJE_Lockstitch_A6000P.jpg,/images/product images/zoje/lockstitch/ZOJE_Lockstitch_A6000P.jpg,https://www.zoje.com/products/straight/A6000P.html,official product page,official,Added,Official image converted to sRGB JPEG.
ZOJE,industrial-machines,A6000P,ZOJE A6000P- G- S7 Lockstitch,A6000P- G- S7,A6000P- G- S7,ZOJE_Lockstitch_A6000P.jpg,/images/product images/zoje/lockstitch/ZOJE_Lockstitch_A6000P.jpg,https://www.zoje.com/products/straight/A6000P.html,official product page,official,Added,Official image converted to sRGB JPEG.
ZOJE,industrial-machines,A6000P,ZOJE A6000P- HG Lockstitch,A6000P- HG,A6000P- HG,ZOJE_Lockstitch_A6000P.jpg,/images/product images/zoje/lockstitch/ZOJE_Lockstitch_A6000P.jpg,https://www.zoje.com/products/straight/A6000P.html,official product page,official,Added,Official image converted to sRGB JPEG.
ZOJE,industrial-machines,A7100,ZOJE A7100/L Lockstitch,A7100/L,A7100/L,ZOJE_Lockstitch_A7100.jpg,/images/product images/zoje/lockstitch/ZOJE_Lockstitch_A7100.jpg,https://www.zoje.com/products/straight/A7100.html,official product page,official,Added,Official image converted to sRGB JPEG.
ZOJE,industrial-machines,A7100,ZOJE A7100/L-5 Lockstitch,A7100/L-5,A7100/L-5,ZOJE_Lockstitch_A7100.jpg,/images/product images/zoje/lockstitch/ZOJE_Lockstitch_A7100.jpg,https://www.zoje.com/products/straight/A7100.html,official product page,official,Added,Official image converted to sRGB JPEG.
ZOJE,industrial-machines,A7100,ZOJE A7100/L-5-S7 Lockstitch,A7100/L-5-S7,A7100/L-5-S7,ZOJE_Lockstitch_A7100.jpg,/images/product images/zoje/lockstitch/ZOJE_Lockstitch_A7100.jpg,https://www.zoje.com/products/straight/A7100.html,official product page,official,Added,Official image converted to sRGB JPEG.
ZOJE,industrial-machines,A7100,ZOJE A7100/L-S7 Lockstitch,A7100/L-S7,A7100/L-S7,ZOJE_Lockstitch_A7100.jpg,/images/product images/zoje/lockstitch/ZOJE_Lockstitch_A7100.jpg,https://www.zoje.com/products/straight/A7100.html,official product page,official,Added,Official image converted to sRGB JPEG.
ZOJE,industrial-machines,A7130,ZOJE A7130 Lockstitch,A7130,,ZOJE_Lockstitch_A7130.jpg,/images/product images/zoje/lockstitch/ZOJE_Lockstitch_A7130.jpg,https://www.zoje.com/products/straight/A7130.html,official product page,official,Added,Official source image is 200px on its long side; preserved without artificial detail generation.
ZOJE,industrial-machines,A7130,ZOJE A7130-5 Lockstitch,A7130-5,A7130-5,ZOJE_Lockstitch_A7130.jpg,/images/product images/zoje/lockstitch/ZOJE_Lockstitch_A7130.jpg,https://www.zoje.com/products/straight/A7130.html,official product page,official,Added,Official source image is 200px on its long side; preserved without artificial detail generation.
ZOJE,industrial-machines,A8130,ZOJE A8130 Lockstitch,A8130,,ZOJE_Lockstitch_A8130.jpg,/images/product images/zoje/lockstitch/ZOJE_Lockstitch_A8130.jpg,https://www.zoje.com/products/straight/A8130.html,official product page,official,Added,Official image converted to sRGB JPEG.
ZOJE,industrial-machines,A8130,ZOJE A8130-S-W Lockstitch,A8130-S-W,A8130-S-W,ZOJE_Lockstitch_A8130.jpg,/images/product images/zoje/lockstitch/ZOJE_Lockstitch_A8130.jpg,https://www.zoje.com/products/straight/A8130.html,official product page,official,Added,Official image converted to sRGB JPEG.
ZOJE,industrial-machines,A8130,ZOJE A8130-W Lockstitch,A8130-W,A8130-W,ZOJE_Lockstitch_A8130.jpg,/images/product images/zoje/lockstitch/ZOJE_Lockstitch_A8130.jpg,https://www.zoje.com/products/straight/A8130.html,official product page,official,Added,Official image converted to sRGB JPEG.
ZOJE,industrial-machines,A8200L,ZOJE A8200L Lockstitch,A8200L,,ZOJE_Lockstitch_A8200L.jpg,/images/product images/zoje/lockstitch/ZOJE_Lockstitch_A8200L.jpg,https://www.zoje.com/products/straight/A8200L.html,official product page,official,Added,Official image converted to sRGB JPEG.
ZOJE,industrial-machines,A8200L,ZOJE A8200L-N Lockstitch,A8200L-N,A8200L-N,ZOJE_Lockstitch_A8200L.jpg,/images/product images/zoje/lockstitch/ZOJE_Lockstitch_A8200L.jpg,https://www.zoje.com/products/straight/A8200L.html,official product page,official,Added,Official image converted to sRGB JPEG.
ZOJE,industrial-machines,A8200L,ZOJE A8200L-N-U Lockstitch,A8200L-N-U,A8200L-N-U,ZOJE_Lockstitch_A8200L.jpg,/images/product images/zoje/lockstitch/ZOJE_Lockstitch_A8200L.jpg,https://www.zoje.com/products/straight/A8200L.html,official product page,official,Added,Official image converted to sRGB JPEG.
ZOJE,industrial-machines,A8200L,ZOJE A8200L-S Lockstitch,A8200L-S,A8200L-S,ZOJE_Lockstitch_A8200L.jpg,/images/product images/zoje/lockstitch/ZOJE_Lockstitch_A8200L.jpg,https://www.zoje.com/products/straight/A8200L.html,official product page,official,Added,Official image converted to sRGB JPEG.
ZOJE,industrial-machines,A8200L,ZOJE A8200L-S-U Lockstitch,A8200L-S-U,A8200L-S-U,ZOJE_Lockstitch_A8200L.jpg,/images/product images/zoje/lockstitch/ZOJE_Lockstitch_A8200L.jpg,https://www.zoje.com/products/straight/A8200L.html,official product page,official,Added,Official image converted to sRGB JPEG.
ZOJE,industrial-machines,A8200L,ZOJE A8200L+-NR-U Lockstitch,A8200L+-NR-U,A8200L+-NR-U,ZOJE_Lockstitch_A8200L.jpg,/images/product images/zoje/lockstitch/ZOJE_Lockstitch_A8200L.jpg,https://www.zoje.com/products/straight/A8200L.html,official product page,official,Added,Official image converted to sRGB JPEG.
ZOJE,industrial-machines,A8200L,ZOJE A8200L+-PNR-U Lockstitch,A8200L+-PNR-U,A8200L+-PNR-U,ZOJE_Lockstitch_A8200L.jpg,/images/product images/zoje/lockstitch/ZOJE_Lockstitch_A8200L.jpg,https://www.zoje.com/products/straight/A8200L.html,official product page,official,Added,Official image converted to sRGB JPEG.
ZOJE,industrial-machines,A8200L,ZOJE A8200L+-PR-U Lockstitch,A8200L+-PR-U,A8200L+-PR-U,ZOJE_Lockstitch_A8200L.jpg,/images/product images/zoje/lockstitch/ZOJE_Lockstitch_A8200L.jpg,https://www.zoje.com/products/straight/A8200L.html,official product page,official,Added,Official image converted to sRGB JPEG.
ZOJE,industrial-machines,A9200L,ZOJE A9200L-D4S-W-CP/02 Lockstitch,A9200L-D4S-W-CP/02,A9200L-D4S-W-CP/02,ZOJE_Lockstitch_A9200L.jpg,/images/product images/zoje/lockstitch/ZOJE_Lockstitch_A9200L.jpg,https://www.zoje.com/products/straight/A9200L.html,official product page,official,Added,Official image converted to sRGB JPEG.
ZOJE,overlock-interlock,B7500,ZOJE B7500-02×250-* Overlock,B7500-02×250-*,B7500-02×250-*,,,https://www.zoje.com/products/overlock/B7500.html,official product page,official,Added,Reused an identical processed official image. | Removed an unmatched global source graphic; a model-specific official image was not available for safe assignment.
ZOJE,overlock-interlock,B7500,ZOJE B7500-13-* Overlock,B7500-13-*,B7500-13-*,,,https://www.zoje.com/products/overlock/B7500.html,official product page,official,Added,Reused an identical processed official image. | Removed an unmatched global source graphic; a model-specific official image was not available for safe assignment.
ZOJE,overlock-interlock,B7500,ZOJE B7500-13-SD3 Overlock,B7500-13-SD3,B7500-13-SD3,,,https://www.zoje.com/products/overlock/B7500.html,official product page,official,Added,Reused an identical processed official image. | Removed an unmatched global source graphic; a model-specific official image was not available for safe assignment.
ZOJE,overlock-interlock,B7500,ZOJE B7500-16S2-* Overlock,B7500-16S2-*,B7500-16S2-*,,,https://www.zoje.com/products/overlock/B7500.html,official product page,official,Added,Reused an identical processed official image. | Removed an unmatched global source graphic; a model-specific official image was not available for safe assignment.
ZOJE,overlock-interlock,B7500,ZOJE B7500-17-* Overlock,B7500-17-*,B7500-17-*,,,https://www.zoje.com/products/overlock/B7500.html,official product page,official,Added,Reused an identical processed official image. | Removed an unmatched global source graphic; a model-specific official image was not available for safe assignment.
ZOJE,overlock-interlock,B7500,ZOJE B7500-180 Overlock,B7500-180,B7500-180,,,https://www.zoje.com/products/overlock/B7500.html,official product page,official,Added,Reused an identical processed official image. | Removed an unmatched global source graphic; a model-specific official image was not available for safe assignment.
ZOJE,overlock-interlock,B7500,ZOJE B7500-181 Overlock,B7500-181,B7500-181,,,https://www.zoje.com/products/overlock/B7500.html,official product page,official,Added,Reused an identical processed official image. | Removed an unmatched global source graphic; a model-specific official image was not available for safe assignment.
ZOJE,overlock-interlock,B7500,ZOJE B7500-355-* Overlock,B7500-355-*,B7500-355-*,,,https://www.zoje.com/products/overlock/B7500.html,official product page,official,Added,Reused an identical processed official image. | Removed an unmatched global source graphic; a model-specific official image was not available for safe assignment.
ZOJE,overlock-interlock,B7500,ZOJE B7500-365-* Overlock,B7500-365-*,B7500-365-*,,,https://www.zoje.com/products/overlock/B7500.html,official product page,official,Added,Reused an identical processed official image. | Removed an unmatched global source graphic; a model-specific official image was not available for safe assignment.
ZOJE,overlock-interlock,B7500,ZOJE B7500-38-* Overlock,B7500-38-*,B7500-38-*,,,https://www.zoje.com/products/overlock/B7500.html,official product page,official,Added,Reused an identical processed official image. | Removed an unmatched global source graphic; a model-specific official image was not available for safe assignment.
ZOJE,overlock-interlock,B7500,ZOJE B7500-38-SD3 Overlock,B7500-38-SD3,B7500-38-SD3,,,https://www.zoje.com/products/overlock/B7500.html,official product page,official,Added,Reused an identical processed official image. | Removed an unmatched global source graphic; a model-specific official image was not available for safe assignment.
ZOJE,overlock-interlock,B7500,ZOJE B7500-70-* Overlock,B7500-70-*,B7500-70-*,,,https://www.zoje.com/products/overlock/B7500.html,official product page,official,Added,Reused an identical processed official image. | Removed an unmatched global source graphic; a model-specific official image was not available for safe assignment.
ZOJE,overlock-interlock,B7500,ZOJE B7500-86-* Overlock,B7500-86-*,B7500-86-*,,,https://www.zoje.com/products/overlock/B7500.html,official product page,official,Added,Reused an identical processed official image. | Removed an unmatched global source graphic; a model-specific official image was not available for safe assignment.
ZOJE,overlock-interlock,B7500,ZOJE B7500-86H-* Overlock,B7500-86H-*,B7500-86H-*,,,https://www.zoje.com/products/overlock/B7500.html,official product page,official,Added,Reused an identical processed official image. | Removed an unmatched global source graphic; a model-specific official image was not available for safe assignment.
ZOJE,overlock-interlock,B7510,ZOJE B7510-13-MD2 Overlock,B7510-13-MD2,B7510-13-MD2,ZOJE_Overlock_B7510.jpg,/images/product images/zoje/overlock/ZOJE_Overlock_B7510.jpg,https://www.zoje.com/products/overlock/B7510.html,official product page,official,Added,Official image converted to sRGB JPEG.
ZOJE,overlock-interlock,B7510,ZOJE B7510-13BL-MD2 Overlock,B7510-13BL-MD2,B7510-13BL-MD2,ZOJE_Overlock_B7510.jpg,/images/product images/zoje/overlock/ZOJE_Overlock_B7510.jpg,https://www.zoje.com/products/overlock/B7510.html,official product page,official,Added,Official image converted to sRGB JPEG.
ZOJE,overlock-interlock,B7510,ZOJE B7510-13S7-MD2 Overlock,B7510-13S7-MD2,B7510-13S7-MD2,ZOJE_Overlock_B7510.jpg,/images/product images/zoje/overlock/ZOJE_Overlock_B7510.jpg,https://www.zoje.com/products/overlock/B7510.html,official product page,official,Added,Official image converted to sRGB JPEG.
ZOJE,overlock-interlock,B7510,ZOJE B7510-17-MD2 Overlock,B7510-17-MD2,B7510-17-MD2,ZOJE_Overlock_B7510.jpg,/images/product images/zoje/overlock/ZOJE_Overlock_B7510.jpg,https://www.zoje.com/products/overlock/B7510.html,official product page,official,Added,Official image converted to sRGB JPEG.
ZOJE,overlock-interlock,B7510,ZOJE B7510-355-D2 Overlock,B7510-355-D2,B7510-355-D2,ZOJE_Overlock_B7510.jpg,/images/product images/zoje/overlock/ZOJE_Overlock_B7510.jpg,https://www.zoje.com/products/overlock/B7510.html,official product page,official,Added,Official image converted to sRGB JPEG.
ZOJE,overlock-interlock,B7510,ZOJE B7510-365-D2 Overlock,B7510-365-D2,B7510-365-D2,ZOJE_Overlock_B7510.jpg,/images/product images/zoje/overlock/ZOJE_Overlock_B7510.jpg,https://www.zoje.com/products/overlock/B7510.html,official product page,official,Added,Official image converted to sRGB JPEG.
ZOJE,overlock-interlock,B7510,ZOJE B7510-38-MD2 Overlock,B7510-38-MD2,B7510-38-MD2,ZOJE_Overlock_B7510.jpg,/images/product images/zoje/overlock/ZOJE_Overlock_B7510.jpg,https://www.zoje.com/products/overlock/B7510.html,official product page,official,Added,Official image converted to sRGB JPEG.
ZOJE,overlock-interlock,B7510,ZOJE B7510-38S7-MD2 Overlock,B7510-38S7-MD2,B7510-38S7-MD2,ZOJE_Overlock_B7510.jpg,/images/product images/zoje/overlock/ZOJE_Overlock_B7510.jpg,https://www.zoje.com/products/overlock/B7510.html,official product page,official,Added,Official image converted to sRGB JPEG.
ZOJE,overlock-interlock,B7510,ZOJE B7510-70-MD2 Overlock,B7510-70-MD2,B7510-70-MD2,ZOJE_Overlock_B7510.jpg,/images/product images/zoje/overlock/ZOJE_Overlock_B7510.jpg,https://www.zoje.com/products/overlock/B7510.html,official product page,official,Added,Official image converted to sRGB JPEG.
ZOJE,overlock-interlock,B7510,ZOJE B7510-86-MD2 Overlock,B7510-86-MD2,B7510-86-MD2,ZOJE_Overlock_B7510.jpg,/images/product images/zoje/overlock/ZOJE_Overlock_B7510.jpg,https://www.zoje.com/products/overlock/B7510.html,official product page,official,Added,Official image converted to sRGB JPEG.
ZOJE,overlock-interlock,B7510,ZOJE B7510-86H-MD2 Overlock,B7510-86H-MD2,B7510-86H-MD2,ZOJE_Overlock_B7510.jpg,/images/product images/zoje/overlock/ZOJE_Overlock_B7510.jpg,https://www.zoje.com/products/overlock/B7510.html,official product page,official,Added,Official image converted to sRGB JPEG.
ZOJE,overlock-interlock,B8510,ZOJE B8510-13-MD4 Overlock,B8510-13-MD4,B8510-13-MD4,ZOJE_Overlock_B8510.jpg,/images/product images/zoje/overlock/ZOJE_Overlock_B8510.jpg,https://www.zoje.com/products/overlock/B8510.html,official product page,official,Added,Official image converted to sRGB JPEG.
ZOJE,overlock-interlock,B8510,ZOJE B8510-13-SD3 Overlock,B8510-13-SD3,B8510-13-SD3,ZOJE_Overlock_B8510.jpg,/images/product images/zoje/overlock/ZOJE_Overlock_B8510.jpg,https://www.zoje.com/products/overlock/B8510.html,official product page,official,Added,Official image converted to sRGB JPEG.
ZOJE,overlock-interlock,B8510,ZOJE B8510-17-MD4 Overlock,B8510-17-MD4,B8510-17-MD4,ZOJE_Overlock_B8510.jpg,/images/product images/zoje/overlock/ZOJE_Overlock_B8510.jpg,https://www.zoje.com/products/overlock/B8510.html,official product page,official,Added,Official image converted to sRGB JPEG.
ZOJE,overlock-interlock,B8510,ZOJE B8510-355-MD4 Overlock,B8510-355-MD4,B8510-355-MD4,ZOJE_Overlock_B8510.jpg,/images/product images/zoje/overlock/ZOJE_Overlock_B8510.jpg,https://www.zoje.com/products/overlock/B8510.html,official product page,official,Added,Official image converted to sRGB JPEG.
ZOJE,overlock-interlock,B8510,ZOJE B8510-365-MD2 Overlock,B8510-365-MD2,B8510-365-MD2,ZOJE_Overlock_B8510.jpg,/images/product images/zoje/overlock/ZOJE_Overlock_B8510.jpg,https://www.zoje.com/products/overlock/B8510.html,official product page,official,Added,Official image converted to sRGB JPEG.
ZOJE,overlock-interlock,B8510,ZOJE B8510-38-MD4 Overlock,B8510-38-MD4,B8510-38-MD4,ZOJE_Overlock_B8510.jpg,/images/product images/zoje/overlock/ZOJE_Overlock_B8510.jpg,https://www.zoje.com/products/overlock/B8510.html,official product page,official,Added,Official image converted to sRGB JPEG.
ZOJE,overlock-interlock,B8510,ZOJE B8510-70-MD4 Overlock,B8510-70-MD4,B8510-70-MD4,ZOJE_Overlock_B8510.jpg,/images/product images/zoje/overlock/ZOJE_Overlock_B8510.jpg,https://www.zoje.com/products/overlock/B8510.html,official product page,official,Added,Official image converted to sRGB JPEG.
ZOJE,overlock-interlock,B8510,ZOJE B8510-86H-MD2 Overlock,B8510-86H-MD2,B8510-86H-MD2,ZOJE_Overlock_B8510.jpg,/images/product images/zoje/overlock/ZOJE_Overlock_B8510.jpg,https://www.zoje.com/products/overlock/B8510.html,official product page,official,Added,Official image converted to sRGB JPEG.
ZOJE,overlock-interlock,B8510W,ZOJE B8510W-13-MD4 Overlock,B8510W-13-MD4,B8510W-13-MD4,,,https://www.zoje.com/products/overlock/B8510W.html,official product page,official,Added,Reused an identical processed official image. | Removed an unmatched global source graphic; a model-specific official image was not available for safe assignment.
ZOJE,overlock-interlock,B8510W,ZOJE B8510W-38-MD4 Overlock,B8510W-38-MD4,B8510W-38-MD4,,,https://www.zoje.com/products/overlock/B8510W.html,official product page,official,Added,Reused an identical processed official image. | Removed an unmatched global source graphic; a model-specific official image was not available for safe assignment.
ZOJE,overlock-interlock,B8510W,ZOJE B8510W-70-MD4 Overlock,B8510W-70-MD4,B8510W-70-MD4,,,https://www.zoje.com/products/overlock/B8510W.html,official product page,official,Added,Reused an identical processed official image. | Removed an unmatched global source graphic; a model-specific official image was not available for safe assignment.
ZOJE,overlock-interlock,B9000P,ZOJE B9000P-13 Overlock,B9000P-13,B9000P-13,,,https://www.zoje.com/products/overlock/B9000P.html,official product page,official,Added,Reused an identical processed official image. | Removed an unmatched global source graphic; a model-specific official image was not available for safe assignment.
ZOJE,overlock-interlock,B9000P,ZOJE B9000P-17 Overlock,B9000P-17,B9000P-17,,,https://www.zoje.com/products/overlock/B9000P.html,official product page,official,Added,Reused an identical processed official image. | Removed an unmatched global source graphic; a model-specific official image was not available for safe assignment.
ZOJE,overlock-interlock,B9000P,ZOJE B9000P-38 Overlock,B9000P-38,B9000P-38,,,https://www.zoje.com/products/overlock/B9000P.html,official product page,official,Added,Reused an identical processed official image. | Removed an unmatched global source graphic; a model-specific official image was not available for safe assignment.
ZOJE,overlock-interlock,B9000P,ZOJE B9000P-70 Overlock,B9000P-70,B9000P-70,,,https://www.zoje.com/products/overlock/B9000P.html,official product page,official,Added,Reused an identical processed official image. | Removed an unmatched global source graphic; a model-specific official image was not available for safe assignment.
ZOJE,overlock-interlock,B9500,ZOJE B9500-02x250-* Overlock,B9500-02x250-*,B9500-02x250-*,,,https://www.zoje.com/products/overlock/B9500.html,official product page,official,Added,Reused an identical processed official image. | Removed an unmatched global source graphic; a model-specific official image was not available for safe assignment.
ZOJE,overlock-interlock,B9500,ZOJE B9500-13-* Overlock,B9500-13-*,B9500-13-*,,,https://www.zoje.com/products/overlock/B9500.html,official product page,official,Added,Reused an identical processed official image. | Removed an unmatched global source graphic; a model-specific official image was not available for safe assignment.
ZOJE,overlock-interlock,B9500,ZOJE B9500-13-SD3 Overlock,B9500-13-SD3,B9500-13-SD3,,,https://www.zoje.com/products/overlock/B9500.html,official product page,official,Added,Reused an identical processed official image. | Removed an unmatched global source graphic; a model-specific official image was not available for safe assignment.
ZOJE,overlock-interlock,B9500,ZOJE B9500-13H 四线厚料 Overlock,B9500-13H 四线厚料,B9500-13H 四线厚料,,,https://www.zoje.com/products/overlock/B9500.html,official product page,official,Added,Reused an identical processed official image. | Reused an identical processed official image. | Removed an unmatched global source graphic; a model-specific official image was not available for safe assignment.
ZOJE,overlock-interlock,B9500,ZOJE B9500-16S2-* Overlock,B9500-16S2-*,B9500-16S2-*,,,https://www.zoje.com/products/overlock/B9500.html,official product page,official,Added,Reused an identical processed official image. | Removed an unmatched global source graphic; a model-specific official image was not available for safe assignment.
ZOJE,overlock-interlock,B9500,ZOJE B9500-17-* Overlock,B9500-17-*,B9500-17-*,,,https://www.zoje.com/products/overlock/B9500.html,official product page,official,Added,Reused an identical processed official image. | Removed an unmatched global source graphic; a model-specific official image was not available for safe assignment.
ZOJE,overlock-interlock,B9500,ZOJE B9500-180 Overlock,B9500-180,B9500-180,,,https://www.zoje.com/products/overlock/B9500.html,official product page,official,Added,Reused an identical processed official image. | Removed an unmatched global source graphic; a model-specific official image was not available for safe assignment.
ZOJE,overlock-interlock,B9500,ZOJE B9500-181 Overlock,B9500-181,B9500-181,,,https://www.zoje.com/products/overlock/B9500.html,official product page,official,Added,Reused an identical processed official image. | Removed an unmatched global source graphic; a model-specific official image was not available for safe assignment.
ZOJE,overlock-interlock,B9500,ZOJE B9500-355-* Overlock,B9500-355-*,B9500-355-*,,,https://www.zoje.com/products/overlock/B9500.html,official product page,official,Added,Reused an identical processed official image. | Removed an unmatched global source graphic; a model-specific official image was not available for safe assignment.
ZOJE,overlock-interlock,B9500,ZOJE B9500-365-* Overlock,B9500-365-*,B9500-365-*,,,https://www.zoje.com/products/overlock/B9500.html,official product page,official,Added,Reused an identical processed official image. | Removed an unmatched global source graphic; a model-specific official image was not available for safe assignment.
ZOJE,overlock-interlock,B9500,ZOJE B9500-38 五线中厚料 Overlock,B9500-38 五线中厚料,B9500-38 五线中厚料,,,https://www.zoje.com/products/overlock/B9500.html,official product page,official,Added,Reused an identical processed official image. | Reused an identical processed official image. | Removed an unmatched global source graphic; a model-specific official image was not available for safe assignment.
ZOJE,overlock-interlock,B9500,ZOJE B9500-38-SD3 Overlock,B9500-38-SD3,B9500-38-SD3,,,https://www.zoje.com/products/overlock/B9500.html,official product page,official,Added,Reused an identical processed official image. | Removed an unmatched global source graphic; a model-specific official image was not available for safe assignment.
ZOJE,overlock-interlock,B9500,ZOJE B9500-70-* Overlock,B9500-70-*,B9500-70-*,,,https://www.zoje.com/products/overlock/B9500.html,official product page,official,Added,Reused an identical processed official image. | Removed an unmatched global source graphic; a model-specific official image was not available for safe assignment.
ZOJE,overlock-interlock,B9500,ZOJE B9500-86-* Overlock,B9500-86-*,B9500-86-*,,,https://www.zoje.com/products/overlock/B9500.html,official product page,official,Added,Reused an identical processed official image. | Removed an unmatched global source graphic; a model-specific official image was not available for safe assignment.
ZOJE,industrial-machines,C1510,ZOJE C1510 Lockstitch,C1510,,,,https://www.zoje.com/products/cover/C1510.html,official product page,official,Added,Reused an identical processed official image. | Removed an unmatched global source graphic; a model-specific official image was not available for safe assignment.
ZOJE,industrial-machines,C2510,ZOJE C2510-156M-D3B/02 Lockstitch,C2510-156M-D3B/02,C2510-156M-D3B/02,ZOJE_Lockstitch_C2510.jpg,/images/product images/zoje/lockstitch/ZOJE_Lockstitch_C2510.jpg,https://www.zoje.com/products/cover/C2510.html,official product page,official,Added,Official image converted to sRGB JPEG.
ZOJE,industrial-machines,C2510,ZOJE C2510-156M-D3C/02 Lockstitch,C2510-156M-D3C/02,C2510-156M-D3C/02,ZOJE_Lockstitch_C2510.jpg,/images/product images/zoje/lockstitch/ZOJE_Lockstitch_C2510.jpg,https://www.zoje.com/products/cover/C2510.html,official product page,official,Added,Official image converted to sRGB JPEG.
ZOJE,industrial-machines,C2510,ZOJE C2510-164M-D3B/02 Lockstitch,C2510-164M-D3B/02,C2510-164M-D3B/02,ZOJE_Lockstitch_C2510.jpg,/images/product images/zoje/lockstitch/ZOJE_Lockstitch_C2510.jpg,https://www.zoje.com/products/cover/C2510.html,official product page,official,Added,Official image converted to sRGB JPEG.
ZOJE,industrial-machines,C2510,ZOJE C2510-164M-D3C/02 Lockstitch,C2510-164M-D3C/02,C2510-164M-D3C/02,ZOJE_Lockstitch_C2510.jpg,/images/product images/zoje/lockstitch/ZOJE_Lockstitch_C2510.jpg,https://www.zoje.com/products/cover/C2510.html,official product page,official,Added,Official image converted to sRGB JPEG.
ZOJE,industrial-machines,C5000,ZOJE C5000-356-02 Lockstitch,C5000-356-02,C5000-356-02,,,https://www.zoje.com/products/cover/C5000.html,official product page,official,Added,Reused an identical processed official image. | Removed an unmatched global source graphic; a model-specific official image was not available for safe assignment.
ZOJE,industrial-machines,C5000,ZOJE C5000-364-02 Lockstitch,C5000-364-02,C5000-364-02,,,https://www.zoje.com/products/cover/C5000.html,official product page,official,Added,Reused an identical processed official image. | Removed an unmatched global source graphic; a model-specific official image was not available for safe assignment.
ZOJE,industrial-machines,C5000,ZOJE C5000-G-356-02 Lockstitch,C5000-G-356-02,C5000-G-356-02,,,https://www.zoje.com/products/cover/C5000.html,official product page,official,Added,Reused an identical processed official image. | Removed an unmatched global source graphic; a model-specific official image was not available for safe assignment.
ZOJE,industrial-machines,C5000,ZOJE C5000-G-364-02 Lockstitch,C5000-G-364-02,C5000-G-364-02,,,https://www.zoje.com/products/cover/C5000.html,official product page,official,Added,Reused an identical processed official image. | Removed an unmatched global source graphic; a model-specific official image was not available for safe assignment.
ZOJE,industrial-machines,C5000,ZOJE C5000-G2-356-02 Lockstitch,C5000-G2-356-02,C5000-G2-356-02,,,https://www.zoje.com/products/cover/C5000.html,official product page,official,Added,Reused an identical processed official image. | Removed an unmatched global source graphic; a model-specific official image was not available for safe assignment.
ZOJE,industrial-machines,C5000,ZOJE C5000-G2-364-02 Lockstitch,C5000-G2-364-02,C5000-G2-364-02,,,https://www.zoje.com/products/cover/C5000.html,official product page,official,Added,Reused an identical processed official image. | Removed an unmatched global source graphic; a model-specific official image was not available for safe assignment.
ZOJE,industrial-machines,C5000,ZOJE C5000L-356-02 Lockstitch,C5000L-356-02,C5000L-356-02,,,https://www.zoje.com/products/cover/C5000.html,official product page,official,Added,Reused an identical processed official image. | Removed an unmatched global source graphic; a model-specific official image was not available for safe assignment.
ZOJE,industrial-machines,C5100,ZOJE C5100-356-D3B-02 Lockstitch,C5100-356-D3B-02,C5100-356-D3B-02,ZOJE_Lockstitch_C5100.jpg,/images/product images/zoje/lockstitch/ZOJE_Lockstitch_C5100.jpg,https://www.zoje.com/products/cover/C5100.html,official product page,official,Added,Official image converted to sRGB JPEG.
ZOJE,industrial-machines,C5100,ZOJE C5100-364-D3B-02 Lockstitch,C5100-364-D3B-02,C5100-364-D3B-02,ZOJE_Lockstitch_C5100.jpg,/images/product images/zoje/lockstitch/ZOJE_Lockstitch_C5100.jpg,https://www.zoje.com/products/cover/C5100.html,official product page,official,Added,Official image converted to sRGB JPEG.
ZOJE,industrial-machines,C5100,ZOJE C5100-G2-356-D3C-02 Lockstitch,C5100-G2-356-D3C-02,C5100-G2-356-D3C-02,ZOJE_Lockstitch_C5100.jpg,/images/product images/zoje/lockstitch/ZOJE_Lockstitch_C5100.jpg,https://www.zoje.com/products/cover/C5100.html,official product page,official,Added,Official image converted to sRGB JPEG.
ZOJE,industrial-machines,C5100,ZOJE C5100-G2-364-D3C-02 Lockstitch,C5100-G2-364-D3C-02,C5100-G2-364-D3C-02,ZOJE_Lockstitch_C5100.jpg,/images/product images/zoje/lockstitch/ZOJE_Lockstitch_C5100.jpg,https://www.zoje.com/products/cover/C5100.html,official product page,official,Added,Official image converted to sRGB JPEG.
ZOJE,industrial-machines,D3872,ZOJE D3842- 5- D4 Lockstitch,D3842- 5- D4,D3842- 5- D4,,,https://www.zoje.com/products/twin/D3872.html,official product page,official,Added,Reused an identical processed official image. | Removed an unmatched global source graphic; a model-specific official image was not available for safe assignment.
ZOJE,industrial-machines,D3872,ZOJE D3842- D4 Lockstitch,D3842- D4,D3842- D4,,,https://www.zoje.com/products/twin/D3872.html,official product page,official,Added,Reused an identical processed official image. | Removed an unmatched global source graphic; a model-specific official image was not available for safe assignment.
ZOJE,industrial-machines,D3872,ZOJE D3842A- 5- D2 Lockstitch,D3842A- 5- D2,D3842A- 5- D2,,,https://www.zoje.com/products/twin/D3872.html,official product page,official,Added,Reused an identical processed official image. | Removed an unmatched global source graphic; a model-specific official image was not available for safe assignment.
ZOJE,industrial-machines,D3872,ZOJE D3842A- D2 Lockstitch,D3842A- D2,D3842A- D2,,,https://www.zoje.com/products/twin/D3872.html,official product page,official,Added,Reused an identical processed official image. | Removed an unmatched global source graphic; a model-specific official image was not available for safe assignment.
ZOJE,industrial-machines,D3845,ZOJE D3845- 5- D4 Lockstitch,D3845- 5- D4,D3845- 5- D4,,,https://www.zoje.com/products/twin/D3845.html,official product page,official,Added,Reused an identical processed official image. | Removed an unmatched global source graphic; a model-specific official image was not available for safe assignment.
ZOJE,industrial-machines,D3845,ZOJE D3845- 5- D5 Lockstitch,D3845- 5- D5,D3845- 5- D5,,,https://www.zoje.com/products/twin/D3845.html,official product page,official,Added,Reused an identical processed official image. | Removed an unmatched global source graphic; a model-specific official image was not available for safe assignment.
ZOJE,industrial-machines,D3845,ZOJE D3845- D4 Lockstitch,D3845- D4,D3845- D4,,,https://www.zoje.com/products/twin/D3845.html,official product page,official,Added,Reused an identical processed official image. | Removed an unmatched global source graphic; a model-specific official image was not available for safe assignment.
ZOJE,industrial-machines,D3845,ZOJE D3845- D5 Lockstitch,D3845- D5,D3845- D5,,,https://www.zoje.com/products/twin/D3845.html,official product page,official,Added,Reused an identical processed official image. | Removed an unmatched global source graphic; a model-specific official image was not available for safe assignment.
ZOJE,industrial-machines,D3845,ZOJE D3845A- 5- D2 Lockstitch,D3845A- 5- D2,D3845A- 5- D2,,,https://www.zoje.com/products/twin/D3845.html,official product page,official,Added,Reused an identical processed official image. | Removed an unmatched global source graphic; a model-specific official image was not available for safe assignment.
ZOJE,industrial-machines,D3845,ZOJE D3845A- D2 Lockstitch,D3845A- D2,D3845A- D2,,,https://www.zoje.com/products/twin/D3845.html,official product page,official,Added,Reused an identical processed official image. | Removed an unmatched global source graphic; a model-specific official image was not available for safe assignment.
ZOJE,industrial-machines,D3872,ZOJE D3872- 5- D4 Lockstitch,D3872- 5- D4,D3872- 5- D4,,,https://www.zoje.com/products/twin/D3872.html,official product page,official,Added,Reused an identical processed official image. | Removed an unmatched global source graphic; a model-specific official image was not available for safe assignment.
ZOJE,industrial-machines,D3872,ZOJE D3872- D4 Lockstitch,D3872- D4,D3872- D4,,,https://www.zoje.com/products/twin/D3872.html,official product page,official,Added,Reused an identical processed official image. | Removed an unmatched global source graphic; a model-specific official image was not available for safe assignment.
ZOJE,industrial-machines,D3872,ZOJE D3872A- 5- D2 Lockstitch,D3872A- 5- D2,D3872A- 5- D2,,,https://www.zoje.com/products/twin/D3872.html,official product page,official,Added,Reused an identical processed official image. | Removed an unmatched global source graphic; a model-specific official image was not available for safe assignment.
ZOJE,industrial-machines,D3872,ZOJE D3872A- D2 Lockstitch,D3872A- D2,D3872A- D2,,,https://www.zoje.com/products/twin/D3872.html,official product page,official,Added,Reused an identical processed official image. | Removed an unmatched global source graphic; a model-specific official image was not available for safe assignment.
ZOJE,industrial-machines,D3845,ZOJE D3875- 5- D4 Lockstitch,D3875- 5- D4,D3875- 5- D4,,,https://www.zoje.com/products/twin/D3845.html,official product page,official,Added,Reused an identical processed official image. | Removed an unmatched global source graphic; a model-specific official image was not available for safe assignment.
ZOJE,industrial-machines,D3845,ZOJE D3875- 5- D5 Lockstitch,D3875- 5- D5,D3875- 5- D5,,,https://www.zoje.com/products/twin/D3845.html,official product page,official,Added,Reused an identical processed official image. | Removed an unmatched global source graphic; a model-specific official image was not available for safe assignment.
ZOJE,industrial-machines,D3845,ZOJE D3875- D4 Lockstitch,D3875- D4,D3875- D4,,,https://www.zoje.com/products/twin/D3845.html,official product page,official,Added,Reused an identical processed official image. | Removed an unmatched global source graphic; a model-specific official image was not available for safe assignment.
ZOJE,industrial-machines,D3845,ZOJE D3875- D5 Lockstitch,D3875- D5,D3875- D5,,,https://www.zoje.com/products/twin/D3845.html,official product page,official,Added,Reused an identical processed official image. | Removed an unmatched global source graphic; a model-specific official image was not available for safe assignment.
ZOJE,industrial-machines,D3845,ZOJE D3875A- 5- D2 Lockstitch,D3875A- 5- D2,D3875A- 5- D2,,,https://www.zoje.com/products/twin/D3845.html,official product page,official,Added,Reused an identical processed official image. | Removed an unmatched global source graphic; a model-specific official image was not available for safe assignment.
ZOJE,industrial-machines,D3845,ZOJE D3875A- D2 Lockstitch,D3875A- D2,D3875A- D2,,,https://www.zoje.com/products/twin/D3845.html,official product page,official,Added,Reused an identical processed official image. | Removed an unmatched global source graphic; a model-specific official image was not available for safe assignment.
ZOJE,industrial-machines,E9630,ZOJE E9630-D3-CM/M/ZM/ZH/H/CH-C/B-02-V Heavy Duty,E9630-D3-CM/M/ZM/ZH/H/CH-C/B-02-V,E9630-D3-CM/M/ZM/ZH/H/CH-C/B-02-V,,,https://www.zoje.com/products/heavy/E9630.html,official product page,official,Added,Reused an identical processed official image. | Removed an unmatched global source graphic; a model-specific official image was not available for safe assignment.
ZOJE,industrial-machines,E9630,ZOJE E9630-D3D-ZM/ZH-C/B-02-V Heavy Duty,E9630-D3D-ZM/ZH-C/B-02-V,E9630-D3D-ZM/ZH-C/B-02-V,,,https://www.zoje.com/products/heavy/E9630.html,official product page,official,Added,Reused an identical processed official image. | Removed an unmatched global source graphic; a model-specific official image was not available for safe assignment.
ZOJE,industrial-machines,E9630,ZOJE E9640-D3-CH-N2.0/2.2/2.4-C/B-02-V Heavy Duty,E9640-D3-CH-N2.0/2.2/2.4-C/B-02-V,E9640-D3-CH-N2.0/2.2/2.4-C/B-02-V,,,https://www.zoje.com/products/heavy/E9630.html,official product page,official,Added,Reused an identical processed official image. | Removed an unmatched global source graphic; a model-specific official image was not available for safe assignment.
ZOJE,industrial-machines,E9630,ZOJE E9640-D3-H-N1.8/N2.0-C/B-02-V Heavy Duty,E9640-D3-H-N1.8/N2.0-C/B-02-V,E9640-D3-H-N1.8/N2.0-C/B-02-V,,,https://www.zoje.com/products/heavy/E9630.html,official product page,official,Added,Reused an identical processed official image. | Removed an unmatched global source graphic; a model-specific official image was not available for safe assignment.
ZOJE,industrial-machines,E9630,ZOJE E9640-D3-M/ZM/ZH-N1.4/N1.8-C/B-02-V Heavy Duty,E9640-D3-M/ZM/ZH-N1.4/N1.8-C/B-02-V,E9640-D3-M/ZM/ZH-N1.4/N1.8-C/B-02-V,,,https://www.zoje.com/products/heavy/E9630.html,official product page,official,Added,Reused an identical processed official image. | Removed an unmatched global source graphic; a model-specific official image was not available for safe assignment.
ZOJE,industrial-machines,ZJ-A3800,ZOJE ZJ-A3800-BD Lockstitch,ZJ-A3800-BD,ZJ-A3800-BD,,,https://www.zoje.com/products/straight/ZJ-A3800.html,official product page,official,Added,Reused an identical processed official image. | Removed an unmatched global source graphic; a model-specific official image was not available for safe assignment.
ZOJE,industrial-machines,ZJ-A3800,ZOJE ZJ-A3820-BD Lockstitch,ZJ-A3820-BD,ZJ-A3820-BD,,,https://www.zoje.com/products/straight/ZJ-A3800.html,official product page,official,Added,Reused an identical processed official image. | Removed an unmatched global source graphic; a model-specific official image was not available for safe assignment.
ZOJE,industrial-machines,ZJ-A3800,ZOJE ZJ-A3830-P-BD Lockstitch,ZJ-A3830-P-BD,ZJ-A3830-P-BD,,,https://www.zoje.com/products/straight/ZJ-A3800.html,official product page,official,Added,Reused an identical processed official image. | Removed an unmatched global source graphic; a model-specific official image was not available for safe assignment.
ZOJE,industrial-machines,ZJ-A3800,ZOJE ZJ-A3830-S-BD Lockstitch,ZJ-A3830-S-BD,ZJ-A3830-S-BD,,,https://www.zoje.com/products/straight/ZJ-A3800.html,official product page,official,Added,Reused an identical processed official image. | Removed an unmatched global source graphic; a model-specific official image was not available for safe assignment.
ZOJE,industrial-machines,ZJ-A3800,ZOJE ZJ-A4810-BD Lockstitch,ZJ-A4810-BD,ZJ-A4810-BD,,,https://www.zoje.com/products/straight/ZJ-A3800.html,official product page,official,Added,Reused an identical processed official image. | Removed an unmatched global source graphic; a model-specific official image was not available for safe assignment.
ZOJE,industrial-machines,ZJ-APW-2520,ZOJE ZJ-APW-2520 Lockstitch,ZJ-APW-2520,,,,https://www.zoje.com/products/automation/ZJ-APW-2520.html,official product page,official,Added,Reused an identical processed official image. | Removed an unmatched global source graphic; a model-specific official image was not available for safe assignment.
ZOJE,industrial-machines,ZJ-K6300B,ZOJE ZJ-K6300B Lockstitch,ZJ-K6300B,,,,https://www.zoje.com/products/automation/ZJ-K6300B.html,official product page,official,Added,Reused an identical processed official image. | Removed an unmatched global source graphic; a model-specific official image was not available for safe assignment.
ZOJE,industrial-machines,ZJ-KL1606S,ZOJE ZJ-KL1606S Lockstitch,ZJ-KL1606S,,,,https://www.zoje.com/products/automation/ZJ-KL1606S.html,official product page,official,Added,Reused an identical processed official image. | Removed an unmatched global source graphic; a model-specific official image was not available for safe assignment.
ZOJE,industrial-machines,ZJ-KP160,ZOJE ZJ-KP160 Lockstitch,ZJ-KP160,,,,https://www.zoje.com/products/automation/ZJ-KP160.html,official product page,official,Added,Reused an identical processed official image. | Removed an unmatched global source graphic; a model-specific official image was not available for safe assignment.
ZOJE,garment-machinery,ZJ-M3,ZOJE ZJ-M3-S500-SF-V2 Zigzag,ZJ-M3-S500-SF-V2,ZJ-M3-S500-SF-V2,,,https://www.zoje.com/products/zigzag/ZJ-M3.html,official product page,official,Added,Reused an identical processed official image. | Removed an unmatched global source graphic; a model-specific official image was not available for safe assignment.
ZOJE,garment-machinery,ZJ-M3,ZOJE ZJ-M3-S500-SF-V3 Zigzag,ZJ-M3-S500-SF-V3,ZJ-M3-S500-SF-V3,,,https://www.zoje.com/products/zigzag/ZJ-M3.html,official product page,official,Added,Reused an identical processed official image. | Removed an unmatched global source graphic; a model-specific official image was not available for safe assignment.
ZOJE,garment-machinery,ZJ-M3,ZOJE ZJ-M3-S500H-SF-V2 Zigzag,ZJ-M3-S500H-SF-V2,ZJ-M3-S500H-SF-V2,,,https://www.zoje.com/products/zigzag/ZJ-M3.html,official product page,official,Added,Reused an identical processed official image. | Removed an unmatched global source graphic; a model-specific official image was not available for safe assignment.
ZOJE,garment-machinery,ZJ-M3,ZOJE ZJ-M3-S500H-SF-V3 Zigzag,ZJ-M3-S500H-SF-V3,ZJ-M3-S500H-SF-V3,,,https://www.zoje.com/products/zigzag/ZJ-M3.html,official product page,official,Added,Reused an identical processed official image. | Removed an unmatched global source graphic; a model-specific official image was not available for safe assignment.
ZOJE,garment-machinery,ZJ-M5,ZOJE ZJ-M5-S900H-SF-K2-V7 Zigzag,ZJ-M5-S900H-SF-K2-V7,ZJ-M5-S900H-SF-K2-V7,,,https://www.zoje.com/products/zigzag/ZJ-M5.html,official product page,official,Added,Reused an identical processed official image. | Removed an unmatched global source graphic; a model-specific official image was not available for safe assignment.
ZOJE,garment-machinery,ZJ-M5,ZOJE ZJ-M5-S900H-SF-V7 Zigzag,ZJ-M5-S900H-SF-V7,ZJ-M5-S900H-SF-V7,,,https://www.zoje.com/products/zigzag/ZJ-M5.html,official product page,official,Added,Reused an identical processed official image. | Removed an unmatched global source graphic; a model-specific official image was not available for safe assignment.
ZOJE,garment-machinery,ZJ-M5,ZOJE ZJ-M5-S900H-SF-X-LK2-V7 Zigzag,ZJ-M5-S900H-SF-X-LK2-V7,ZJ-M5-S900H-SF-X-LK2-V7,,,https://www.zoje.com/products/zigzag/ZJ-M5.html,official product page,official,Added,Reused an identical processed official image. | Removed an unmatched global source graphic; a model-specific official image was not available for safe assignment.
ZOJE,garment-machinery,ZJ-M5,ZOJE ZJ-M5-S900H-SF-X-V7 Zigzag,ZJ-M5-S900H-SF-X-V7,ZJ-M5-S900H-SF-X-V7,,,https://www.zoje.com/products/zigzag/ZJ-M5.html,official product page,official,Added,Reused an identical processed official image. | Removed an unmatched global source graphic; a model-specific official image was not available for safe assignment.
ZOJE,garment-machinery,ZJ-M6,ZOJE ZJ-M6-GS900-SF-V2 Zigzag,ZJ-M6-GS900-SF-V2,ZJ-M6-GS900-SF-V2,,,https://www.zoje.com/products/zigzag/ZJ-M6.html,official product page,official,Added,Reused an identical processed official image. | Removed an unmatched global source graphic; a model-specific official image was not available for safe assignment.
ZOJE,garment-machinery,ZJ-M6,ZOJE ZJ-M6-GS900H-SF-V3 Zigzag,ZJ-M6-GS900H-SF-V3,ZJ-M6-GS900H-SF-V3,,,https://www.zoje.com/products/zigzag/ZJ-M6.html,official product page,official,Added,Reused an identical processed official image. | Removed an unmatched global source graphic; a model-specific official image was not available for safe assignment.
ZOJE,garment-machinery,ZJ-M6,ZOJE ZJ-M6-S900-SF-V2 Zigzag,ZJ-M6-S900-SF-V2,ZJ-M6-S900-SF-V2,,,https://www.zoje.com/products/zigzag/ZJ-M6.html,official product page,official,Added,Reused an identical processed official image. | Removed an unmatched global source graphic; a model-specific official image was not available for safe assignment.
ZOJE,garment-machinery,ZJ-M6,ZOJE ZJ-M6-S900H-SF-V3 Zigzag,ZJ-M6-S900H-SF-V3,ZJ-M6-S900H-SF-V3,,,https://www.zoje.com/products/zigzag/ZJ-M6.html,official product page,official,Added,Reused an identical processed official image. | Removed an unmatched global source graphic; a model-specific official image was not available for safe assignment.
ZOJE,garment-machinery,ZJ-M7,ZOJE ZJ-M7-GS900H-SF-V2 Zigzag,ZJ-M7-GS900H-SF-V2,ZJ-M7-GS900H-SF-V2,,,https://www.zoje.com/products/zigzag/ZJ-M7.html,official product page,official,Added,Reused an identical processed official image. | Removed an unmatched global source graphic; a model-specific official image was not available for safe assignment.
ZOJE,garment-machinery,ZJ-M7,ZOJE ZJ-M7-S900H-SF-V2 Zigzag,ZJ-M7-S900H-SF-V2,ZJ-M7-S900H-SF-V2,,,https://www.zoje.com/products/zigzag/ZJ-M7.html,official product page,official,Added,Reused an identical processed official image. | Removed an unmatched global source graphic; a model-specific official image was not available for safe assignment.
ZOJE,garment-machinery,ZJ-M7-S955H-SF-BD-V3,ZOJE ZJ-M7-S955H-SF-BD-V3 Zigzag,ZJ-M7-S955H-SF-BD-V3,,,,https://www.zoje.com/products/zigzag/ZJ-M7-S955H-SF-BD-V3.html,official product page,official,Added,Reused an identical processed official image. | Removed an unmatched global source graphic; a model-specific official image was not available for safe assignment.
ZOJE,garment-machinery,ZJ-M7-S955H,ZOJE ZJ-M7-S955H-SF-K2-V3 Zigzag,ZJ-M7-S955H-SF-K2-V3,ZJ-M7-S955H-SF-K2-V3,,,https://www.zoje.com/products/zigzag/ZJ-M7-S955H.html,official product page,official,Added,Reused an identical processed official image. | Removed an unmatched global source graphic; a model-specific official image was not available for safe assignment.
ZOJE,garment-machinery,ZJ-M7-S955H,ZOJE ZJ-M7-S955H-SF-V3 Zigzag,ZJ-M7-S955H-SF-V3,ZJ-M7-S955H-SF-V3,,,https://www.zoje.com/products/zigzag/ZJ-M7-S955H.html,official product page,official,Added,Reused an identical processed official image. | Removed an unmatched global source graphic; a model-specific official image was not available for safe assignment.
ZOJE,industrial-machines,ZJ-UA-5781D-SY-WB5,ZOJE ZJ-UA-5781D-SY-WB5 Lockstitch,ZJ-UA-5781D-SY-WB5,,,,https://www.zoje.com/products/automation/ZJ-UA-5781D-SY-WB5.html,official product page,official,Added,Reused an identical processed official image. | Removed an unmatched global source graphic; a model-specific official image was not available for safe assignment.
ZOJE,garment-machinery,ZJ-UA-5781DS-LD,ZOJE ZJ-UA-5781DS-LD Lockstitch,ZJ-UA-5781DS-LD,,,,https://www.zoje.com/products/special/ZJ-UA-5781DS-LD.html,official product page,official,Added,Reused an identical processed official image. | Removed an unmatched global source graphic; a model-specific official image was not available for safe assignment.
ZOJE,industrial-machines,ZJ-UA-A8100W-XC-WE5,ZOJE ZJ-UA-A8100W-XC-WE5 Lockstitch,ZJ-UA-A8100W-XC-WE5,,,,https://www.zoje.com/products/automation/ZJ-UA-A8100W-XC-WE5.html,official product page,official,Added,Reused an identical processed official image. | Removed an unmatched global source graphic; a model-specific official image was not available for safe assignment.
ZOJE,industrial-machines,ZJ-UB-1900DSS-DPJ-04A-V4,ZOJE ZJ-UB-1900DSS-DPJ-04A-V4 Lockstitch,ZJ-UB-1900DSS-DPJ-04A-V4,,,,https://www.zoje.com/products/automation/ZJ-UB-1900DSS-DPJ-04A-V4.html,official product page,official,Added,Reused an identical processed official image. | Removed an unmatched global source graphic; a model-specific official image was not available for safe assignment.
ZOJE,industrial-machines,ZJ-UC-401,ZOJE ZJ-UC-401 Lockstitch,ZJ-UC-401,,ZOJE_Lockstitch_ZJ-UC-401.jpg,/images/product images/zoje/lockstitch/ZOJE_Lockstitch_ZJ-UC-401.jpg,https://www.zoje.com/products/automation/ZJ-UC-401.html,official product page,official,Added,Official source image is 1000px on its long side; preserved without artificial detail generation.
ZOJE,industrial-machines,ZJ-UA9200L-W-DM-WE5,ZOJE ZJ-USM8O16 Lockstitch,ZJ-USM8O16,ZJ-USM8O16,,,https://www.zoje.com/products/automation/ZJ-UA9200L-W-DM-WE5.html,official product page,official,Added,Reused an identical processed official image. | Removed an unmatched global source graphic; a model-specific official image was not available for safe assignment.
ZOJE,industrial-machines,ZJ0303L,ZOJE ZJ0303L-3-BD/D3 Heavy Duty,ZJ0303L-3-BD/D3,ZJ0303L-3-BD/D3,,,https://www.zoje.com/products/heavy/ZJ0303L.html,official product page,official,Added,Reused an identical processed official image. | Removed an unmatched global source graphic; a model-specific official image was not available for safe assignment.
ZOJE,industrial-machines,ZJ0303L,ZOJE ZJ0303L-3-CX-BD/D3 Heavy Duty,ZJ0303L-3-CX-BD/D3,ZJ0303L-3-CX-BD/D3,,,https://www.zoje.com/products/heavy/ZJ0303L.html,official product page,official,Added,Reused an identical processed official image. | Removed an unmatched global source graphic; a model-specific official image was not available for safe assignment.
ZOJE,industrial-machines,ZJ0303L,ZOJE ZJ0303L-3-CX-L-BD Heavy Duty,ZJ0303L-3-CX-L-BD,ZJ0303L-3-CX-L-BD,,,https://www.zoje.com/products/heavy/ZJ0303L.html,official product page,official,Added,Reused an identical processed official image. | Removed an unmatched global source graphic; a model-specific official image was not available for safe assignment.
ZOJE,industrial-machines,ZJ0303L,ZOJE ZJ0303L-3-H-BD/D3 Heavy Duty,ZJ0303L-3-H-BD/D3,ZJ0303L-3-H-BD/D3,,,https://www.zoje.com/products/heavy/ZJ0303L.html,official product page,official,Added,Reused an identical processed official image. | Removed an unmatched global source graphic; a model-specific official image was not available for safe assignment.
ZOJE,industrial-machines,ZJ2479A,ZOJE ZJ2479A-056M-VF-BD Lockstitch,ZJ2479A-056M-VF-BD,ZJ2479A-056M-VF-BD,,,https://www.zoje.com/products/cover/ZJ2479A.html,official product page,official,Added,Reused an identical processed official image. | Removed an unmatched global source graphic; a model-specific official image was not available for safe assignment.
ZOJE,industrial-machines,ZJ2479A,ZOJE ZJ2479A-064M-VF-BD Lockstitch,ZJ2479A-064M-VF-BD,ZJ2479A-064M-VF-BD,,,https://www.zoje.com/products/cover/ZJ2479A.html,official product page,official,Added,Reused an identical processed official image. | Removed an unmatched global source graphic; a model-specific official image was not available for safe assignment.
ZOJE,industrial-machines,ZJ2539A,ZOJE ZJ2539A-156S-1-VF-BD-D3 Lockstitch,ZJ2539A-156S-1-VF-BD-D3,ZJ2539A-156S-1-VF-BD-D3,,,https://www.zoje.com/products/cover/ZJ2539A.html,official product page,official,Added,Reused an identical processed official image. | Removed an unmatched global source graphic; a model-specific official image was not available for safe assignment.
ZOJE,industrial-machines,ZJ2539A,ZOJE ZJ2539A-164S-1-VF-BD-D3 Lockstitch,ZJ2539A-164S-1-VF-BD-D3,ZJ2539A-164S-1-VF-BD-D3,,,https://www.zoje.com/products/cover/ZJ2539A.html,official product page,official,Added,Reused an identical processed official image. | Removed an unmatched global source graphic; a model-specific official image was not available for safe assignment.
ZOJE,industrial-machines,ZJ5770A,ZOJE ZJ5770A- 1510HD1- C Heavy Duty,ZJ5770A- 1510HD1- C,ZJ5770A- 1510HD1- C,,,https://www.zoje.com/products/heavy/ZJ5770A.html,official product page,official,Added,Reused an identical processed official image. | Removed an unmatched global source graphic; a model-specific official image was not available for safe assignment.
ZOJE,industrial-machines,ZJ5770A,ZOJE ZJ5770A- 1510HF1/HB1/HC1- C Heavy Duty,ZJ5770A- 1510HF1/HB1/HC1- C,ZJ5770A- 1510HF1/HB1/HC1- C,,,https://www.zoje.com/products/heavy/ZJ5770A.html,official product page,official,Added,Reused an identical processed official image. | Removed an unmatched global source graphic; a model-specific official image was not available for safe assignment.
ZOJE,industrial-machines,ZJ5770A,ZOJE ZJ5770A- 1510HG1- C Heavy Duty,ZJ5770A- 1510HG1- C,ZJ5770A- 1510HG1- C,,,https://www.zoje.com/products/heavy/ZJ5770A.html,official product page,official,Added,Reused an identical processed official image. | Removed an unmatched global source graphic; a model-specific official image was not available for safe assignment.
ZOJE,industrial-machines,ZJ5770A,ZOJE ZJ5770A- 1510HH1- C Heavy Duty,ZJ5770A- 1510HH1- C,ZJ5770A- 1510HH1- C,,,https://www.zoje.com/products/heavy/ZJ5770A.html,official product page,official,Added,Reused an identical processed official image. | Removed an unmatched global source graphic; a model-specific official image was not available for safe assignment.
ZOJE,industrial-machines,ZJ5770A,ZOJE ZJ5770A- 2213HF1/HB1/HC1- C Heavy Duty,ZJ5770A- 2213HF1/HB1/HC1- C,ZJ5770A- 2213HF1/HB1/HC1- C,,,https://www.zoje.com/products/heavy/ZJ5770A.html,official product page,official,Added,Reused an identical processed official image. | Removed an unmatched global source graphic; a model-specific official image was not available for safe assignment.
ZOJE,industrial-machines,ZJ5770A,ZOJE ZJ5770A- 3020HF1- C Heavy Duty,ZJ5770A- 3020HF1- C,ZJ5770A- 3020HF1- C,,,https://www.zoje.com/products/heavy/ZJ5770A.html,official product page,official,Added,Reused an identical processed official image. | Removed an unmatched global source graphic; a model-specific official image was not available for safe assignment.
ZOJE,industrial-machines,ZJ5770A,ZOJE ZJ5770A- 3020HH1- C Heavy Duty,ZJ5770A- 3020HH1- C,ZJ5770A- 3020HH1- C,,,https://www.zoje.com/products/heavy/ZJ5770A.html,official product page,official,Added,Reused an identical processed official image. | Removed an unmatched global source graphic; a model-specific official image was not available for safe assignment.
ZOJE,garment-machinery,ZJ5781D,ZOJE ZJ5781DK-V3 Lockstitch,ZJ5781DK-V3,ZJ5781DK-V3,,,https://www.zoje.com/products/special/ZJ5781D.html,official product page,official,Added,Reused an identical processed official image. | Removed an unmatched global source graphic; a model-specific official image was not available for safe assignment.
ZOJE,garment-machinery,ZJ5781D,ZOJE ZJ5781DL-V3 Lockstitch,ZJ5781DL-V3,ZJ5781DL-V3,,,https://www.zoje.com/products/special/ZJ5781D.html,official product page,official,Added,Reused an identical processed official image. | Removed an unmatched global source graphic; a model-specific official image was not available for safe assignment.
ZOJE,garment-machinery,ZJ5781D,ZOJE ZJ5781DS-V3 Lockstitch,ZJ5781DS-V3,ZJ5781DS-V3,,,https://www.zoje.com/products/special/ZJ5781D.html,official product page,official,Added,Reused an identical processed official image. | Removed an unmatched global source graphic; a model-specific official image was not available for safe assignment.
ZOJE,garment-machinery,ZJ5781D,ZOJE ZJ5781DS-V3-DS Lockstitch,ZJ5781DS-V3-DS,ZJ5781DS-V3-DS,,,https://www.zoje.com/products/special/ZJ5781D.html,official product page,official,Added,Reused an identical processed official image. | Removed an unmatched global source graphic; a model-specific official image was not available for safe assignment.
ZOJE,garment-machinery,ZJ5781E,ZOJE ZJ5781EK-3 Lockstitch,ZJ5781EK-3,ZJ5781EK-3,,,https://www.zoje.com/products/special/ZJ5781E.html,official product page,official,Added,Reused an identical processed official image. | Removed an unmatched global source graphic; a model-specific official image was not available for safe assignment.
ZOJE,garment-machinery,ZJ5781E,ZOJE ZJ5781EL-V3 Lockstitch,ZJ5781EL-V3,ZJ5781EL-V3,,,https://www.zoje.com/products/special/ZJ5781E.html,official product page,official,Added,Reused an identical processed official image. | Removed an unmatched global source graphic; a model-specific official image was not available for safe assignment.
ZOJE,garment-machinery,ZJ5781E,ZOJE ZJ5781ES-V3 Lockstitch,ZJ5781ES-V3,ZJ5781ES-V3,,,https://www.zoje.com/products/special/ZJ5781E.html,official product page,official,Added,Reused an identical processed official image. | Removed an unmatched global source graphic; a model-specific official image was not available for safe assignment.
ZOJE,garment-machinery,ZJ5821A,ZOJE ZJ5821A Lockstitch,ZJ5821A,,,,https://www.zoje.com/products/special/ZJ5821A.html,official product page,official,Added,Reused an identical processed official image. | Removed an unmatched global source graphic; a model-specific official image was not available for safe assignment.
ZOJE,garment-machinery,ZJ5822A,ZOJE ZJ5822A Lockstitch,ZJ5822A,,,,https://www.zoje.com/products/special/ZJ5822A.html,official product page,official,Added,Reused an identical processed official image. | Removed an unmatched global source graphic; a model-specific official image was not available for safe assignment.
ZOJE,garment-machinery,ZJ781,ZOJE ZJ781- 3- BD/PF Lockstitch,ZJ781- 3- BD/PF,ZJ781- 3- BD/PF,,,https://www.zoje.com/products/special/ZJ781.html,official product page,official,Added,Reused an identical processed official image. | Removed an unmatched global source graphic; a model-specific official image was not available for safe assignment.
ZOJE,garment-machinery,ZJ781,ZOJE ZJ781- BD Lockstitch,ZJ781- BD,ZJ781- BD,,,https://www.zoje.com/products/special/ZJ781.html,official product page,official,Added,Reused an identical processed official image. | Removed an unmatched global source graphic; a model-specific official image was not available for safe assignment.
ZOJE,garment-machinery,ZJ781,ZOJE ZJ781- S- 3- BD Lockstitch,ZJ781- S- 3- BD,ZJ781- S- 3- BD,,,https://www.zoje.com/products/special/ZJ781.html,official product page,official,Added,Reused an identical processed official image. | Removed an unmatched global source graphic; a model-specific official image was not available for safe assignment.
ZOJE,garment-machinery,ZJ781,ZOJE ZJ782- 3- BD/PF Lockstitch,ZJ782- 3- BD/PF,ZJ782- 3- BD/PF,,,https://www.zoje.com/products/special/ZJ781.html,official product page,official,Added,Reused an identical processed official image. | Removed an unmatched global source graphic; a model-specific official image was not available for safe assignment.
ZOJE,garment-machinery,ZJ781,ZOJE ZJ782- BD Lockstitch,ZJ782- BD,ZJ782- BD,,,https://www.zoje.com/products/special/ZJ781.html,official product page,official,Added,Reused an identical processed official image. | Removed an unmatched global source graphic; a model-specific official image was not available for safe assignment.
ZOJE,garment-machinery,ZJ781,ZOJE ZJ782- S- 3- BD Lockstitch,ZJ782- S- 3- BD,ZJ782- S- 3- BD,,,https://www.zoje.com/products/special/ZJ781.html,official product page,official,Added,Reused an identical processed official image. | Removed an unmatched global source graphic; a model-specific official image was not available for safe assignment.
ZOJE,garment-machinery,ZJ781,ZOJE ZJ783- 3- BD/PF Lockstitch,ZJ783- 3- BD/PF,ZJ783- 3- BD/PF,,,https://www.zoje.com/products/special/ZJ781.html,official product page,official,Added,Reused an identical processed official image. | Removed an unmatched global source graphic; a model-specific official image was not available for safe assignment.
ZOJE,garment-machinery,ZJ781,ZOJE ZJ783- BD Lockstitch,ZJ783- BD,ZJ783- BD,,,https://www.zoje.com/products/special/ZJ781.html,official product page,official,Added,Reused an identical processed official image. | Removed an unmatched global source graphic; a model-specific official image was not available for safe assignment.
ZOJE,garment-machinery,ZJ781,ZOJE ZJ783- S- 3- BD Lockstitch,ZJ783- S- 3- BD,ZJ783- S- 3- BD,,,https://www.zoje.com/products/special/ZJ781.html,official product page,official,Added,Reused an identical processed official image. | Removed an unmatched global source graphic; a model-specific official image was not available for safe assignment.
ZOJE,industrial-machines,ZJ8450,ZOJE ZJ8420-5-BD Lockstitch,ZJ8420-5-BD,ZJ8420-5-BD,,,https://www.zoje.com/products/twin/ZJ8450.html,official product page,official,Added,Reused an identical processed official image. | Removed an unmatched global source graphic; a model-specific official image was not available for safe assignment.
ZOJE,industrial-machines,ZJ8450,ZOJE ZJ8420-BD Lockstitch,ZJ8420-BD,ZJ8420-BD,,,https://www.zoje.com/products/twin/ZJ8450.html,official product page,official,Added,Reused an identical processed official image. | Removed an unmatched global source graphic; a model-specific official image was not available for safe assignment.
ZOJE,industrial-machines,ZJ8450,ZOJE ZJ8450-5-BD Lockstitch,ZJ8450-5-BD,ZJ8450-5-BD,,,https://www.zoje.com/products/twin/ZJ8450.html,official product page,official,Added,Reused an identical processed official image. | Removed an unmatched global source graphic; a model-specific official image was not available for safe assignment.
ZOJE,industrial-machines,ZJ8450,ZOJE ZJ8450-BD Lockstitch,ZJ8450-BD,ZJ8450-BD,,,https://www.zoje.com/products/twin/ZJ8450.html,official product page,official,Added,Reused an identical processed official image. | Removed an unmatched global source graphic; a model-specific official image was not available for safe assignment.
ZOJE,industrial-machines,ZJ8650,ZOJE ZJ8650-D3D-ZH-B-02-V Heavy Duty,ZJ8650-D3D-ZH-B-02-V,ZJ8650-D3D-ZH-B-02-V,,,https://www.zoje.com/products/heavy/ZJ8650.html,official product page,official,Added,Reused an identical processed official image. | Removed an unmatched global source graphic; a model-specific official image was not available for safe assignment.
ZOJE,industrial-machines,ZJ8650,ZOJE ZJ8650-D3D-ZH-C-02-V Heavy Duty,ZJ8650-D3D-ZH-C-02-V,ZJ8650-D3D-ZH-C-02-V,,,https://www.zoje.com/products/heavy/ZJ8650.html,official product page,official,Added,Reused an identical processed official image. | Removed an unmatched global source graphic; a model-specific official image was not available for safe assignment.
ZOJE,industrial-machines,ZJ8650,ZOJE ZJ8650-D3D-ZM-B-02-V Heavy Duty,ZJ8650-D3D-ZM-B-02-V,ZJ8650-D3D-ZM-B-02-V,,,https://www.zoje.com/products/heavy/ZJ8650.html,official product page,official,Added,Reused an identical processed official image. | Removed an unmatched global source graphic; a model-specific official image was not available for safe assignment.
ZOJE,industrial-machines,ZJ8650,ZOJE ZJ8650-D3D-ZM-C-02-V Heavy Duty,ZJ8650-D3D-ZM-C-02-V,ZJ8650-D3D-ZM-C-02-V,,,https://www.zoje.com/products/heavy/ZJ8650.html,official product page,official,Added,Reused an identical processed official image. | Removed an unmatched global source graphic; a model-specific official image was not available for safe assignment.
ZOJE,industrial-machines,ZJ8450,ZOJE ZJ8720-5-BD Lockstitch,ZJ8720-5-BD,ZJ8720-5-BD,,,https://www.zoje.com/products/twin/ZJ8450.html,official product page,official,Added,Reused an identical processed official image. | Removed an unmatched global source graphic; a model-specific official image was not available for safe assignment.
ZOJE,industrial-machines,ZJ8450,ZOJE ZJ8720-BD Lockstitch,ZJ8720-BD,ZJ8720-BD,,,https://www.zoje.com/products/twin/ZJ8450.html,official product page,official,Added,Reused an identical processed official image. | Removed an unmatched global source graphic; a model-specific official image was not available for safe assignment.
ZOJE,industrial-machines,ZJ8450,ZOJE ZJ8750-5-BD Lockstitch,ZJ8750-5-BD,ZJ8750-5-BD,,,https://www.zoje.com/products/twin/ZJ8450.html,official product page,official,Added,Reused an identical processed official image. | Removed an unmatched global source graphic; a model-specific official image was not available for safe assignment.
ZOJE,industrial-machines,ZJ8450,ZOJE ZJ8750-BD Lockstitch,ZJ8750-BD,ZJ8750-BD,,,https://www.zoje.com/products/twin/ZJ8450.html,official product page,official,Added,Reused an identical processed official image. | Removed an unmatched global source graphic; a model-specific official image was not available for safe assignment.
ZOJE,industrial-machines,ZJ9610SA,ZOJE ZJ9610D-D3 Heavy Duty,ZJ9610D-D3,ZJ9610D-D3,,,https://www.zoje.com/products/heavy/ZJ9610SA.html,official product page,official,Added,Reused an identical processed official image. | Removed an unmatched global source graphic; a model-specific official image was not available for safe assignment.
ZOJE,industrial-machines,ZJ9610SA,ZOJE ZJ9610SA-D3 Heavy Duty,ZJ9610SA-D3,ZJ9610SA-D3,,,https://www.zoje.com/products/heavy/ZJ9610SA.html,official product page,official,Added,Reused an identical processed official image. | Removed an unmatched global source graphic; a model-specific official image was not available for safe assignment.
ZOJE,industrial-machines,ZJ9610SA,ZOJE ZJ9620SA-D3 Heavy Duty,ZJ9620SA-D3,ZJ9620SA-D3,,,https://www.zoje.com/products/heavy/ZJ9610SA.html,official product page,official,Added,Reused an identical processed official image. | Removed an unmatched global source graphic; a model-specific official image was not available for safe assignment.
ZOJE,industrial-machines,ZJ9903AR,ZOJE ZJ9903AR-D3B-02 Lockstitch,ZJ9903AR-D3B-02,ZJ9903AR-D3B-02,,,https://www.zoje.com/products/straight/ZJ9903AR.html,official product page,official,Added,Reused an identical processed official image. | Removed an unmatched global source graphic; a model-specific official image was not available for safe assignment.
ZOJE,industrial-machines,ZJ9903AR,ZOJE ZJ9903AR-D3B-02/PF Lockstitch,ZJ9903AR-D3B-02/PF,ZJ9903AR-D3B-02/PF,,,https://www.zoje.com/products/straight/ZJ9903AR.html,official product page,official,Added,Reused an identical processed official image. | Removed an unmatched global source graphic; a model-specific official image was not available for safe assignment.
